ticker,fq,slice,pred,actual,price,pde,op_pde,pretax_pde,layer
ABBV,2025Q4,1,0.465,1.02,223.8,0.002479,0.000161,0.001188,tax-share-miss
ADBE,2025Q4,1,4.209,4.45,344.32,0.000699,0.000597,0.000597,operating-miss
ADBE,2026Q1,1,4.58,4.6,273.71,7.3e-05,7.4e-05,0.00011,operating-miss
AMAT,2026Q1,1,2.136,2.54,339.04,0.001191,0.000555,0.001092,operating-miss
AMAT,2026Q2,1,3.058,3.51,435.6,0.001038,0.000438,0.00122,non-op-miss
AMD,2025Q4,1,0.785,0.92,246.27,0.000549,0.000831,0.001534,operating-miss
AMGN,2025Q4,1,2.606,2.46,339.74,0.000429,0.003465,0.00113,operating-miss
AMGN,2026Q1,1,2.22,3.34,333.54,0.003359,0.003445,0.003923,operating-miss
AMZN,2025Q4,1,1.968,1.95,232.99,7.8e-05,0.000493,0.000314,operating-miss
AVGO,2025Q4,1,1.152,1.74,410.67,0.001431,0.000424,0.000449,tax-share-miss
AVGO,2026Q1,1,1.573,1.5,313.18,0.000232,0.000177,0.000335,operating-miss
AXP,2025Q4,1,3.435,3.53,357.37,0.000266,,0.000274,driver-miss
AXP,2026Q1,1,4.022,4.28,331.99,0.000776,,0.000953,driver-miss
BA,2025Q4,1,11.088,10.23,248.43,0.003456,0.001772,0.002028,operating-miss
BAC,2025Q4,1,0.99,0.95,54.23,0.000736,,0.00924,driver-miss
BBY,2026Q4,1,2.283,2.57,60.67,0.004737,0.001822,0.001589,tax-share-miss
BBY,2027Q1,1,1.199,1.31,63.69,0.001746,0.002474,0.002771,operating-miss
BLK,2025Q4,1,9.534,7.16,1085.81,0.002187,0.002735,0.003297,operating-miss
BLK,2026Q1,1,9.605,14.06,1017.91,0.004377,0.004035,0.004121,operating-miss
C,2025Q4,1,1.351,1.36,115.15,8e-05,,0.001008,driver-miss
C,2026Q1,1,2.683,3.06,125.05,0.003012,,0.003366,driver-miss
CAT,2025Q4,1,3.746,5.12,642.06,0.00214,0.001532,0.002638,operating-miss
CAT,2026Q1,1,4.86,5.47,808.55,0.000755,0.00037,0.000707,operating-miss
CCL,2025Q4,1,0.296,0.31,28.04,0.000492,0.00041,0.000234,operating-miss
CCL,2026Q1,1,0.181,0.19,25.13,0.000366,0.001973,0.00089,operating-miss
CCL,2026Q2,1,0.381,0.39,30.03,0.000286,0.001245,0.00045,operating-miss
CMCSA,2025Q4,1,0.614,0.6,28.08,0.000499,0.006232,0.007687,operating-miss
CMCSA,2026Q1,1,0.694,0.6,28.98,0.003234,0.000895,0.004717,non-op-miss
CMG,2025Q4,1,0.241,0.25,38.51,0.000241,0.000338,0.000238,operating-miss
CMG,2026Q1,1,0.236,0.23,32.87,0.000192,9.269735,9.473744,operating-miss
COIN,2025Q4,1,-0.64,-2.48,153.2,0.012039,0.000128,0.014943,non-op-miss
COIN,2026Q1,1,-1.44,-1.49,197.96,0.000252,0.002354,8.856026,non-op-miss
COP,2025Q4,1,1.171,1.17,105.97,6e-06,,0.000451,driver-miss
COP,2026Q1,1,1.59,1.78,126.46,0.001504,,0.002002,driver-miss
COST,2026Q1,1,4.374,4.5,871.95,0.000145,0.000134,0.000188,operating-miss
COST,2026Q2,1,4.485,4.58,1005.28,9.5e-05,5e-05,4.6e-05,operating-miss
COST,2026Q3,1,4.8,4.93,1002.1,0.00013,7.5e-05,0.000103,operating-miss
CRM,2027Q1,1,2.06,2.42,178.62,0.002015,7.8e-05,0.002225,non-op-miss
CRWD,2026Q3,1,-0.203,-0.14,504.13,0.000124,0.000205,0.000187,operating-miss
CRWD,2026Q4,1,-0.051,0.24,391.42,0.000742,0.000662,0.000653,operating-miss
CRWD,2027Q1,1,-0.054,0.11,192.24,0.000851,1.3e-05,0.000692,non-op-miss
CSCO,2026Q2,1,0.712,0.8,85.82,0.001031,0.000709,0.000844,operating-miss
CSCO,2026Q3,1,0.841,0.85,98.92,8.8e-05,0.000225,0.000295,operating-miss
CVNA,2025Q4,1,1.041,4.22,70.19,0.045288,0.001447,0.202836,non-op-miss
CVNA,2026Q1,1,-2.85,1.69,81.28,0.05586,0.002893,0.001838,tax-share-miss
CVX,2025Q4,1,1.451,1.39,167.99,0.000363,,0.000947,driver-miss
CVX,2026Q1,1,1.191,1.11,189.9,0.000424,,4.7e-05,tax-share-miss
DAL,2025Q4,1,1.658,1.86,70.65,0.002855,0.001492,0.003271,non-op-miss
DAL,2026Q1,1,0.631,-0.44,65.29,0.016413,0.005898,0.018122,non-op-miss
DELL,2026Q4,1,3.448,3.38,123.1,0.000549,0.000224,0.001273,non-op-miss
DELL,2027Q1,1,4.102,5.24,304.82,0.003732,0.000154,0.00307,non-op-miss
DIS,2026Q1,1,1.405,1.34,111.94,0.000576,0.000494,0.000283,operating-miss
GE,2025Q4,1,2.133,2.4,318.04,0.000839,,0.000615,driver-miss
GE,2026Q1,1,1.885,1.81,303.22,0.000246,0.000655,0.000287,operating-miss
GM,2025Q4,1,-4.447,-3.6,79.24,0.01069,0.001046,0.004193,tax-share-miss
GOOGL,2026Q1,1,2.709,5.11,349.57,0.006869,0.000969,0.00885,non-op-miss
GS,2025Q4,1,14.718,14.02,927.79,0.000752,,0.001195,driver-miss
GS,2026Q1,1,16.464,17.55,903.82,0.001201,,,
HD,2025Q4,1,2.396,2.58,374.49,0.000491,0.000365,0.000398,operating-miss
HON,2025Q4,1,1.233,-0.18,214.39,0.00659,,0.010725,driver-miss
HON,2026Q1,1,2.072,1.29,228.75,0.003417,,0.005092,driver-miss
HOOD,2025Q4,1,0.672,0.66,86.56,0.000139,0.000665,0.000539,operating-miss
HOOD,2026Q1,1,0.485,0.38,83.95,0.001252,0.001119,0.001132,operating-miss
IBM,2026Q1,1,1.451,1.28,252.0,0.000679,,0.000539,driver-miss
INTC,2025Q4,1,-0.096,-0.12,54.25,0.000452,0.001842,0.000573,operating-miss
INTU,2026Q2,1,2.065,2.48,380.06,0.001091,0.001334,0.001306,operating-miss
INTU,2026Q3,1,10.816,11.09,397.95,0.000688,0.001073,0.001164,operating-miss
ISRG,2025Q4,1,2.283,2.21,523.69,0.000139,0.00015,0.000101,operating-miss
JNJ,2025Q4,1,1.405,2.09,217.06,0.003157,0.000124,0.001384,tax-share-miss
JNJ,2026Q1,1,2.25,2.14,236.6,0.000464,0.000299,0.00118,non-op-miss
JPM,2025Q4,1,4.802,4.63,322.84,0.000532,,0.000264,tax-share-miss
JPM,2026Q1,1,5.577,5.94,312.27,0.001164,,0.000842,driver-miss
KHC,2025Q4,1,0.621,0.55,24.49,0.002891,0.003009,0.002696,operating-miss
KHC,2026Q1,1,0.519,0.67,22.14,0.006839,0.004103,0.005994,operating-miss
KO,2025Q4,1,0.382,0.53,77.44,0.001913,0.003221,0.002858,operating-miss
KO,2026Q1,1,0.84,0.91,74.96,0.00093,0.00059,0.000475,operating-miss
LLY,2026Q1,1,5.633,8.26,848.53,0.003096,,0.003309,driver-miss
LMT,2025Q4,1,5.184,5.81,594.14,0.001054,0.000484,0.00066,operating-miss
LMT,2026Q1,1,7.416,6.44,551.82,0.001769,0.002437,0.002134,operating-miss
LOW,2025Q4,1,1.635,1.77,277.26,0.000487,0.000665,0.000626,operating-miss
LULU,2025Q3,1,2.22,2.59,187.62,0.00197,0.002987,0.0028,operating-miss
LULU,2025Q4,1,4.759,5.01,165.57,0.001518,0.001053,0.000727,operating-miss
M,2025Q3,1,-0.146,0.04,22.29,0.008337,0.011954,0.009337,operating-miss
M,2025Q4,1,1.231,1.84,16.92,0.035999,0.054688,0.049529,operating-miss
MA,2025Q4,1,4.118,4.53,520.48,0.000792,0.000326,0.000433,tax-share-miss
MA,2026Q1,1,4.244,4.35,524.35,0.000202,0.000235,0.000252,operating-miss
MCD,2025Q4,1,2.895,3.03,324.16,0.000417,0.000657,0.000573,operating-miss
MELI,2025Q4,1,12.92,11.03,1864.46,0.001014,0.000854,0.001193,operating-miss
MELI,2026Q1,1,9.902,8.23,1841.14,0.000908,0.002769,0.002255,operating-miss
META,2025Q4,1,8.146,8.89,672.39,0.001106,0.000509,0.000688,operating-miss
MRK,2025Q4,1,1.499,1.19,112.54,0.002748,0.002311,0.003138,operating-miss
MRK,2026Q1,1,-1.83,-1.72,110.16,0.000999,0.000253,0.000939,non-op-miss
MS,2025Q4,1,2.434,2.68,178.83,0.001373,,0.001455,driver-miss
MSFT,2026Q2,1,4.371,5.16,478.45,0.00165,0.000571,0.002384,non-op-miss
MSFT,2026Q3,1,3.874,4.27,427.52,0.000926,0.000536,0.001051,operating-miss
MU,2026Q1,1,3.855,4.6,232.32,0.003206,0.003457,0.003117,operating-miss
MU,2026Q2,1,8.376,12.07,461.5,0.008005,0.009633,0.009509,operating-miss
MU,2026Q3,1,19.193,24.67,1051.61,0.005208,0.006352,0.006235,operating-miss
NFLX,2025Q4,1,5.257,5.57,880.0,0.000356,0.000382,0.000238,operating-miss
NFLX,2026Q1,1,7.859,12.3,107.71,0.04123,0.008538,0.014133,tax-share-miss
NKE,2026Q2,1,0.338,0.53,65.26,0.00295,0.003704,0.003786,operating-miss
NVDA,2026Q4,1,1.59,1.76,192.84,0.000882,0.000364,0.000895,non-op-miss
NVDA,2027Q1,1,1.856,2.39,220.35,0.002424,0.000435,0.003094,non-op-miss
ORCL,2026Q2,1,1.231,2.1,220.18,0.003948,0.000593,0.003403,non-op-miss
ORCL,2026Q3,1,1.129,1.27,151.03,0.000931,0.000921,0.001199,operating-miss
PANW,2026Q2,1,0.476,0.61,166.95,0.000804,0.000681,0.001119,operating-miss
PANW,2026Q3,1,0.245,-0.22,300.48,0.001549,0.001462,0.001703,operating-miss
PEP,2026Q1,1,1.487,1.7,153.24,0.001393,0.001873,0.002106,operating-miss
PFE,2025Q4,1,-0.654,-0.29,26.23,0.013886,0.041511,0.016729,operating-miss
PFE,2026Q1,1,0.478,0.47,25.43,0.000299,0.004678,0.00323,operating-miss
PG,2026Q2,1,1.882,1.78,143.95,0.000707,0.000828,0.001049,operating-miss
PG,2026Q3,1,1.643,1.63,143.55,8.7e-05,6e-06,6e-06,tax-share-miss
PLTR,2026Q1,1,0.266,0.34,144.07,0.000514,0.000304,2.397185,non-op-miss
PLUG,2025Q4,1,-0.172,-0.63,1.79,0.25352,0.282709,0.336223,operating-miss
PYPL,2025Q4,1,1.342,1.53,52.17,0.003648,0.000907,0.001209,tax-share-miss
PYPL,2026Q1,1,1.318,1.21,50.22,0.002148,0.001137,0.002001,operating-miss
QCOM,2026Q1,1,2.802,2.78,146.24,0.000149,0.000501,0.000274,operating-miss
RTX,2025Q4,1,1.252,1.19,192.68,0.00032,0.000788,3.9e-05,operating-miss
RTX,2026Q1,1,1.175,1.51,194.33,0.001723,0.001149,0.001535,operating-miss
SBUX,2026Q1,1,0.563,0.26,94.55,0.003201,0.000841,0.000934,tax-share-miss
SBUX,2026Q2,1,0.413,0.45,96.76,0.000383,0.00084,0.001011,operating-miss
SLB,2025Q4,1,0.746,0.55,49.03,0.003989,0.007098,0.007104,operating-miss
SLB,2026Q1,1,0.583,0.5,54.45,0.001517,,0.001938,driver-miss
SMCI,2026Q3,1,0.507,0.72,27.92,0.007643,0.008557,31.591703,non-op-miss
SPGI,2025Q4,1,4.165,3.75,443.16,0.000935,0.001304,0.001039,operating-miss
SPGI,2026Q1,1,3.963,4.69,412.68,0.001762,0.00229,0.002094,operating-miss
TGT,2025Q4,1,1.954,2.3,112.11,0.003091,0.002936,0.003293,operating-miss
TMO,2025Q4,1,5.136,5.2,607.42,0.000106,0.000142,3.2e-05,operating-miss
TMO,2026Q1,1,4.079,4.43,513.47,0.000684,0.000297,0.000334,tax-share-miss
TSLA,2025Q4,1,0.251,0.24,430.9,2.5e-05,0.00026,1.1e-05,operating-miss
TSLA,2026Q1,1,0.1,0.13,386.42,7.7e-05,0.000545,0.000173,operating-miss
UAL,2025Q4,1,3.262,3.19,113.49,0.000635,0.006549,0.0022,operating-miss
UAL,2026Q1,1,0.634,2.14,98.91,0.015221,0.017537,0.016784,operating-miss
UBER,2025Q4,1,0.732,0.14,77.93,0.007598,0.001901,0.009188,non-op-miss
UBER,2026Q1,1,0.862,0.13,72.95,0.010027,0.002364,0.007531,non-op-miss
UNH,2026Q1,1,6.761,6.9,321.64,0.000434,0.000294,0.000126,tax-share-miss
UNP,2025Q4,1,2.952,3.11,229.69,0.000688,0.000932,0.000984,operating-miss
UNP,2026Q1,1,2.853,2.87,248.11,6.7e-05,0.000108,0.000139,operating-miss
UPS,2025Q4,1,2.676,2.1,103.75,0.005556,0.006569,0.005462,operating-miss
UPS,2026Q1,1,0.826,1.02,104.78,0.001852,0.002019,0.002544,operating-miss
V,2026Q1,1,3.025,3.03,325.63,1.6e-05,0.000837,0.00083,operating-miss
V,2026Q2,1,2.84,3.14,308.44,0.000972,0.001215,0.001164,operating-miss
WBD,2025Q4,1,0.013,-0.1,28.9,0.00392,0.003567,0.007095,operating-miss
WBD,2026Q1,1,-0.152,-1.17,27.22,0.037406,0.039793,0.041617,operating-miss
WFC,2025Q4,1,1.744,1.62,92.57,0.001335,,0.002184,driver-miss
WFC,2026Q1,1,1.719,1.6,85.66,0.001393,,0.00241,driver-miss
WMT,2026Q4,1,0.771,0.53,126.12,0.001911,9.9e-05,0.00216,non-op-miss
XOM,2025Q4,1,1.692,1.53,138.64,0.001165,,0.003812,driver-miss
XOM,2026Q1,1,1.091,1.0,152.3,0.000594,,9e-05,tax-share-miss
