ticker,fiscal_quarter,reported_q4_eps,computed_q4_eps,abs_diff
ABBV,2025Q4,-0.01,-0.0124,0.0024
ADBE,2025Q4,3.76,3.7567,0.0033
ADBE,2026Q1,4.14,4.1347,0.0053
AMAT,2026Q1,1.45,1.4468,0.0032
AMAT,2026Q2,2.63,2.6318,0.0018
AMD,2025Q4,0.29,0.2946,0.0046
AMGN,2025Q4,1.16,1.1568,0.0032
AMGN,2026Q1,3.2,3.1978,0.0022
AMZN,2025Q4,1.86,1.867,0.007
AVGO,2025Q4,0.93,0.9273,0.0027
AVGO,2026Q1,1.14,1.1379,0.0021
AXP,2025Q4,3.06,3.0606,0.0006
AXP,2026Q1,3.64,3.6353,0.0047
BAC,2025Q4,0.81,0.8098,0.0002
BA,2025Q4,-6.34,-6.3333,0.0067
BBY,2026Q4,0.54,0.54,0.0
BBY,2027Q1,0.95,0.9484,0.0016
BLK,2025Q4,10.64,10.6366,0.0034
BLK,2026Q1,9.64,9.6424,0.0024
CAT,2025Q4,5.74,5.7343,0.0057
CAT,2026Q1,4.2,4.1983,0.0017
CCL,2025Q4,0.23,0.2281,0.0019
CCL,2026Q1,-0.06,-0.0608,0.0008
CCL,2026Q2,0.42,0.4193,0.0007
CMCSA,2025Q4,1.24,1.2379,0.0021
CMCSA,2026Q1,0.89,0.8902,0.0002
CMG,2025Q4,0.24,0.2414,0.0014
CMG,2026Q1,0.28,0.2841,0.0041
COIN,2025Q4,4.839,4.828,0.011
COIN,2026Q1,0.24,0.2419,0.0019
COP,2025Q4,1.98,1.9823,0.0023
COP,2026Q1,2.23,2.2347,0.0047
COST,2026Q1,4.04,4.0414,0.0014
COST,2026Q2,4.02,4.0194,0.0006
COST,2026Q3,4.28,4.2787,0.0013
CRM,2027Q1,1.59,1.5887,0.0013
CRWD,2026Q3,-0.07,-0.0685,0.0015
CRWD,2026Q4,-0.376,-0.3758,0.0002
CRWD,2027Q1,-0.44,-0.4436,0.0036
CSCO,2026Q2,0.61,0.6062,0.0038
CSCO,2026Q3,0.62,0.6224,0.0024
CVNA,2025Q4,0.59,0.5915,0.0015
CVNA,2026Q1,1.51,1.5149,0.0049
CVX,2025Q4,1.79,1.7924,0.0024
CVX,2026Q1,2.0,1.9985,0.0015
C,2025Q4,1.47,1.4719,0.0019
C,2026Q1,1.96,1.96,0.0
DAL,2025Q4,1.3,1.3043,0.0043
DAL,2026Q1,0.37,0.37,0.0
DELL,2026Q4,2.32,2.3187,0.0013
DELL,2027Q1,1.37,1.37,0.0
DIS,2026Q1,1.4,1.4048,0.0048
GE,2025Q4,1.74,1.7411,0.0011
GE,2026Q1,1.83,1.8289,0.0011
GM,2025Q4,-1.53,-1.5252,0.0048
GOOGL,2026Q1,2.81,2.81,0.0
GS,2025Q4,11.86,11.8591,0.0009
GS,2026Q1,14.12,14.1233,0.0033
HD,2025Q4,3.02,3.0184,0.0016
HON,2025Q4,1.97,1.9643,0.0057
HON,2026Q1,2.22,2.22,0.0
HOOD,2025Q4,1.01,1.0115,0.0015
HOOD,2026Q1,0.37,0.3695,0.0005
IBM,2026Q1,1.12,1.117,0.003
INTC,2025Q4,-0.03,-0.0294,0.0006
INTU,2026Q2,1.67,1.6644,0.0056
INTU,2026Q3,10.02,10.0,0.02
ISRG,2025Q4,1.89,1.8906,0.0006
JNJ,2025Q4,1.41,1.4132,0.0032
JNJ,2026Q1,4.54,4.5379,0.0021
JPM,2025Q4,4.77,4.7693,0.0007
JPM,2026Q1,5.07,5.0692,0.0008
KHC,2025Q4,1.76,1.7636,0.0036
KHC,2026Q1,0.59,0.59,0.0
KO,2025Q4,0.51,0.5077,0.0023
KO,2026Q1,0.77,0.7721,0.0021
LLY,2026Q1,3.06,3.0638,0.0038
LMT,2025Q4,2.21,2.2078,0.0022
LMT,2026Q1,7.28,7.28,0.0
LOW,2025Q4,1.77,1.7679,0.0021
LULU,2025Q3,2.87,2.8649,0.0051
LULU,2025Q4,6.09,6.0943,0.0043
MA,2025Q4,3.61,3.613,0.003
MA,2026Q1,3.59,3.5886,0.0014
MCD,2025Q4,2.8,2.8013,0.0013
MELI,2025Q4,12.6,12.6042,0.0042
MELI,2026Q1,9.74,9.7441,0.0041
META,2025Q4,8.02,8.0149,0.0051
MRK,2025Q4,1.47,1.4696,0.0004
MRK,2026Q1,2.01,2.01,0.0
MSFT,2026Q2,3.23,3.2282,0.0018
MSFT,2026Q3,3.46,3.4612,0.0012
MS,2025Q4,2.22,2.215,0.005
MU,2026Q1,1.67,1.6631,0.0069
MU,2026Q2,1.41,1.4096,0.0004
MU,2026Q3,1.68,1.6756,0.0044
M,2025Q3,0.1,0.1,0.0
M,2025Q4,1.22,1.2214,0.0014
NFLX,2025Q4,4.27,4.2671,0.0029
NFLX,2026Q1,6.61,6.6147,0.0047
NKE,2026Q2,0.78,0.7805,0.0005
NVDA,2026Q4,0.89,0.8858,0.0042
NVDA,2027Q1,0.76,0.7629,0.0029
ORCL,2026Q2,1.1,1.0983,0.0017
ORCL,2026Q3,1.02,1.0216,0.0016
PANW,2026Q2,0.38,0.377,0.003
PANW,2026Q3,0.37,0.3705,0.0005
PEP,2026Q1,1.33,1.3328,0.0028
PFE,2025Q4,0.07,0.0719,0.0019
PFE,2026Q1,0.52,0.5198,0.0002
PG,2026Q2,1.88,1.879,0.001
PG,2026Q3,1.54,1.5407,0.0007
PLTR,2026Q1,0.08,0.0838,0.0038
PLUG,2025Q4,-1.56,-1.5556,0.0044
PYPL,2025Q4,1.09,1.0947,0.0047
PYPL,2026Q1,1.29,1.2883,0.0017
QCOM,2026Q1,2.83,2.8342,0.0042
RTX,2025Q4,1.1,1.0974,0.0026
RTX,2026Q1,1.14,1.14,0.0
SBUX,2026Q1,0.69,0.6859,0.0041
SBUX,2026Q2,0.34,0.337,0.003
SLB,2025Q4,0.77,0.7646,0.0054
SLB,2026Q1,0.58,0.5775,0.0025
SMCI,2026Q3,0.17,0.1749,0.0049
SPGI,2025Q4,2.77,2.7676,0.0024
SPGI,2026Q1,3.54,3.5424,0.0024
TGT,2025Q4,2.39,2.39,0.0
TMO,2025Q4,4.77,4.7343,0.0357
TMO,2026Q1,3.98,3.9763,0.0037
TSLA,2025Q4,0.64,0.6383,0.0017
TSLA,2026Q1,0.12,0.1162,0.0038
UAL,2025Q4,2.96,2.9597,0.0003
UAL,2026Q1,1.16,1.169,0.009
UBER,2025Q4,3.19,3.1948,0.0048
UBER,2026Q1,0.83,0.8367,0.0067
UNH,2026Q1,6.85,6.854,0.004
UNP,2025Q4,2.9,2.8952,0.0048
UNP,2026Q1,2.7,2.7016,0.0016
UPS,2025Q4,2.01,2.0129,0.0029
UPS,2026Q1,1.4,1.4,0.0
V,2026Q1,2.58,2.5788,0.0012
V,2026Q2,2.32,2.3186,0.0014
WBD,2025Q4,-0.2,-0.2,0.0
WBD,2026Q1,-0.18,-0.184,0.004
WFC,2025Q4,1.4,1.4017,0.0017
WFC,2026Q1,1.39,1.3897,0.0003
WMT,2026Q4,0.65,0.6502,0.0002
XOM,2025Q4,1.72,1.7186,0.0014
XOM,2026Q1,1.76,1.76,0.0
