ticker,cik,form,filing_date,fiscal_quarter,folder
ABBV,1551152,10-K,2025-02-14,2024Q4,ABBV_10-K_2025-02-14_Q4_2024
ABBV,1551152,10-K,2026-02-20,2025Q4,ABBV_10-K_2026-02-20_Q4_2025
ABBV,1551152,10-Q,2024-05-03,2024Q1,ABBV_10-Q_2024-05-03_Q1_2024
ABBV,1551152,10-Q,2024-08-07,2024Q2,ABBV_10-Q_2024-08-07_Q2_2024
ABBV,1551152,10-Q,2024-11-04,2024Q3,ABBV_10-Q_2024-11-04_Q3_2024
ABBV,1551152,10-Q,2025-05-09,2025Q1,ABBV_10-Q_2025-05-09_Q1_2025
ABBV,1551152,10-Q,2025-08-04,2025Q2,ABBV_10-Q_2025-08-04_Q2_2025
ABBV,1551152,10-Q,2025-11-04,2025Q3,ABBV_10-Q_2025-11-04_Q3_2025
ADBE,796343,10-K,2025-01-13,2024Q4,ADBE_10-K_2025-01-13_Q4_2024
ADBE,796343,10-K,2026-01-15,2025Q4,ADBE_10-K_2026-01-15_Q4_2025
ADBE,796343,10-Q,2024-03-27,2024Q1,ADBE_10-Q_2024-03-27_Q1_2024
ADBE,796343,10-Q,2024-06-26,2024Q2,ADBE_10-Q_2024-06-26_Q2_2024
ADBE,796343,10-Q,2024-09-25,2024Q3,ADBE_10-Q_2024-09-25_Q3_2024
ADBE,796343,10-Q,2025-03-26,2025Q1,ADBE_10-Q_2025-03-26_Q1_2025
ADBE,796343,10-Q,2025-06-25,2025Q2,ADBE_10-Q_2025-06-25_Q2_2025
ADBE,796343,10-Q,2025-09-24,2025Q3,ADBE_10-Q_2025-09-24_Q3_2025
ADBE,796343,10-Q,2026-03-25,2026Q1,ADBE_10-Q_2026-03-25_Q1_2026
AMAT,6951,10-K,2024-12-13,2024Q4,AMAT_10-K_2024-12-13_Q4_2024
AMAT,6951,10-K,2025-12-12,2025Q4,AMAT_10-K_2025-12-12_Q4_2025
AMAT,6951,10-Q,2024-05-23,2024Q2,AMAT_10-Q_2024-05-23_Q2_2024
AMAT,6951,10-Q,2024-08-22,2024Q3,AMAT_10-Q_2024-08-22_Q3_2024
AMAT,6951,10-Q,2025-02-20,2025Q1,AMAT_10-Q_2025-02-20_Q1_2025
AMAT,6951,10-Q,2025-05-22,2025Q2,AMAT_10-Q_2025-05-22_Q2_2025
AMAT,6951,10-Q,2025-08-21,2025Q3,AMAT_10-Q_2025-08-21_Q3_2025
AMAT,6951,10-Q,2026-02-19,2026Q1,AMAT_10-Q_2026-02-19_Q1_2026
AMD,2488,10-K,2025-02-05,2024Q4,AMD_10-K_2025-02-05_Q4_2024
AMD,2488,10-K,2026-02-04,2025Q4,AMD_10-K_2026-02-04_Q4_2025
AMD,2488,10-Q,2024-07-31,2024Q2,AMD_10-Q_2024-07-31_Q2_2024
AMD,2488,10-Q,2024-10-30,2024Q3,AMD_10-Q_2024-10-30_Q3_2024
AMD,2488,10-Q,2025-05-07,2025Q1,AMD_10-Q_2025-05-07_Q1_2025
AMD,2488,10-Q,2025-08-06,2025Q2,AMD_10-Q_2025-08-06_Q2_2025
AMD,2488,10-Q,2025-11-05,2025Q3,AMD_10-Q_2025-11-05_Q3_2025
AMGN,318154,10-K,2025-02-14,2024Q4,AMGN_10-K_2025-02-14_Q4_2024
AMGN,318154,10-K,2026-02-13,2025Q4,AMGN_10-K_2026-02-13_Q4_2025
AMGN,318154,10-Q,2024-08-07,2024Q2,AMGN_10-Q_2024-08-07_Q2_2024
AMGN,318154,10-Q,2024-10-31,2024Q3,AMGN_10-Q_2024-10-31_Q3_2024
AMGN,318154,10-Q,2025-05-02,2025Q1,AMGN_10-Q_2025-05-02_Q1_2025
AMGN,318154,10-Q,2025-08-06,2025Q2,AMGN_10-Q_2025-08-06_Q2_2025
AMGN,318154,10-Q,2025-11-05,2025Q3,AMGN_10-Q_2025-11-05_Q3_2025
AMZN,1018724,10-K,2025-02-07,2024Q4,AMZN_10-K_2025-02-07_Q4_2024
AMZN,1018724,10-K,2026-02-06,2025Q4,AMZN_10-K_2026-02-06_Q4_2025
AMZN,1018724,10-Q,2024-05-01,2024Q1,AMZN_10-Q_2024-05-01_Q1_2024
AMZN,1018724,10-Q,2024-08-02,2024Q2,AMZN_10-Q_2024-08-02_Q2_2024
AMZN,1018724,10-Q,2024-11-01,2024Q3,AMZN_10-Q_2024-11-01_Q3_2024
AMZN,1018724,10-Q,2025-05-02,2025Q1,AMZN_10-Q_2025-05-02_Q1_2025
AMZN,1018724,10-Q,2025-08-01,2025Q2,AMZN_10-Q_2025-08-01_Q2_2025
AMZN,1018724,10-Q,2025-10-31,2025Q3,AMZN_10-Q_2025-10-31_Q3_2025
AVGO,1730168,10-K,2024-12-20,2024Q4,AVGO_10-K_2024-12-20_Q4_2024
AVGO,1730168,10-K,2025-12-18,2025Q4,AVGO_10-K_2025-12-18_Q4_2025
AVGO,1730168,10-Q,2024-03-14,2024Q1,AVGO_10-Q_2024-03-14_Q1_2024
AVGO,1730168,10-Q,2024-06-13,2024Q2,AVGO_10-Q_2024-06-13_Q2_2024
AVGO,1730168,10-Q,2024-09-11,2024Q3,AVGO_10-Q_2024-09-11_Q3_2024
AVGO,1730168,10-Q,2025-03-12,2025Q1,AVGO_10-Q_2025-03-12_Q1_2025
AVGO,1730168,10-Q,2025-06-11,2025Q2,AVGO_10-Q_2025-06-11_Q2_2025
AVGO,1730168,10-Q,2025-09-10,2025Q3,AVGO_10-Q_2025-09-10_Q3_2025
AVGO,1730168,10-Q,2026-03-11,2026Q1,AVGO_10-Q_2026-03-11_Q1_2026
AXP,4962,10-K,2025-02-07,2024Q4,AXP_10-K_2025-02-07_Q4_2024
AXP,4962,10-K,2026-02-06,2025Q4,AXP_10-K_2026-02-06_Q4_2025
AXP,4962,10-Q,2024-04-19,2024Q1,AXP_10-Q_2024-04-19_Q1_2024
AXP,4962,10-Q,2024-07-19,2024Q2,AXP_10-Q_2024-07-19_Q2_2024
AXP,4962,10-Q,2024-10-18,2024Q3,AXP_10-Q_2024-10-18_Q3_2024
AXP,4962,10-Q,2025-04-18,2025Q1,AXP_10-Q_2025-04-18_Q1_2025
AXP,4962,10-Q,2025-07-18,2025Q2,AXP_10-Q_2025-07-18_Q2_2025
AXP,4962,10-Q,2025-10-17,2025Q3,AXP_10-Q_2025-10-17_Q3_2025
BA,12927,10-K,2025-02-03,2024Q4,BA_10-K_2025-02-03_Q4_2024
BA,12927,10-K,2026-01-30,2025Q4,BA_10-K_2026-01-30_Q4_2025
BA,12927,10-Q,2024-07-31,2024Q2,BA_10-Q_2024-07-31_Q2_2024
BA,12927,10-Q,2024-10-23,2024Q3,BA_10-Q_2024-10-23_Q3_2024
BA,12927,10-Q,2025-04-23,2025Q1,BA_10-Q_2025-04-23_Q1_2025
BA,12927,10-Q,2025-07-29,2025Q2,BA_10-Q_2025-07-29_Q2_2025
BA,12927,10-Q,2025-10-29,2025Q3,BA_10-Q_2025-10-29_Q3_2025
BAC,70858,10-K,2025-02-25,2024Q4,BAC_10-K_2025-02-25_Q4_2024
BAC,70858,10-K,2026-02-25,2025Q4,BAC_10-K_2026-02-25_Q4_2025
BAC,70858,10-Q,2024-04-30,2024Q1,BAC_10-Q_2024-04-30_Q1_2024
BAC,70858,10-Q,2024-07-30,2024Q2,BAC_10-Q_2024-07-30_Q2_2024
BAC,70858,10-Q,2024-10-29,2024Q3,BAC_10-Q_2024-10-29_Q3_2024
BAC,70858,10-Q,2025-04-30,2025Q1,BAC_10-Q_2025-04-30_Q1_2025
BAC,70858,10-Q,2025-07-31,2025Q2,BAC_10-Q_2025-07-31_Q2_2025
BAC,70858,10-Q,2025-10-31,2025Q3,BAC_10-Q_2025-10-31_Q3_2025
BBY,764478,10-K,2025-03-19,2025Q4,BBY_10-K_2025-03-19_Q4_2025
BBY,764478,10-K,2026-03-18,2026Q4,BBY_10-K_2026-03-18_Q4_2026
BBY,764478,10-Q,2024-06-07,2025Q1,BBY_10-Q_2024-06-07_Q1_2025
BBY,764478,10-Q,2024-09-06,2025Q2,BBY_10-Q_2024-09-06_Q2_2025
BBY,764478,10-Q,2024-12-06,2025Q3,BBY_10-Q_2024-12-06_Q3_2025
BBY,764478,10-Q,2025-06-06,2026Q1,BBY_10-Q_2025-06-06_Q1_2026
BBY,764478,10-Q,2025-09-05,2026Q2,BBY_10-Q_2025-09-05_Q2_2026
BBY,764478,10-Q,2025-12-05,2026Q3,BBY_10-Q_2025-12-05_Q3_2026
BLK,2012383,10-K,2025-02-25,2024Q4,BLK_10-K_2025-02-25_Q4_2024
BLK,2012383,10-K,2026-02-25,2025Q4,BLK_10-K_2026-02-25_Q4_2025
BLK,1364742,10-Q,2024-08-06,2024Q2,BLK_10-Q_2024-08-06_Q2_2024
BLK,2012383,10-Q,2024-11-06,2024Q3,BLK_10-Q_2024-11-06_Q3_2024
BLK,2012383,10-Q,2025-05-07,2025Q1,BLK_10-Q_2025-05-07_Q1_2025
BLK,2012383,10-Q,2025-08-06,2025Q2,BLK_10-Q_2025-08-06_Q2_2025
BLK,2012383,10-Q,2025-11-05,2025Q3,BLK_10-Q_2025-11-05_Q3_2025
C,831001,10-K,2025-02-21,2024Q4,C_10-K_2025-02-21_Q4_2024
C,831001,10-K,2026-02-20,2025Q4,C_10-K_2026-02-20_Q4_2025
C,831001,10-Q,2024-05-03,2024Q1,C_10-Q_2024-05-03_Q1_2024
C,831001,10-Q,2024-08-02,2024Q2,C_10-Q_2024-08-02_Q2_2024
C,831001,10-Q,2024-11-07,2024Q3,C_10-Q_2024-11-07_Q3_2024
C,831001,10-Q,2025-05-08,2025Q1,C_10-Q_2025-05-08_Q1_2025
C,831001,10-Q,2025-08-06,2025Q2,C_10-Q_2025-08-06_Q2_2025
C,831001,10-Q,2025-11-06,2025Q3,C_10-Q_2025-11-06_Q3_2025
CAT,18230,10-K,2025-02-14,2024Q4,CAT_10-K_2025-02-14_Q4_2024
CAT,18230,10-K,2026-02-13,2025Q4,CAT_10-K_2026-02-13_Q4_2025
CAT,18230,10-Q,2024-08-07,2024Q2,CAT_10-Q_2024-08-07_Q2_2024
CAT,18230,10-Q,2024-11-06,2024Q3,CAT_10-Q_2024-11-06_Q3_2024
CAT,18230,10-Q,2025-05-07,2025Q1,CAT_10-Q_2025-05-07_Q1_2025
CAT,18230,10-Q,2025-08-06,2025Q2,CAT_10-Q_2025-08-06_Q2_2025
CAT,18230,10-Q,2025-11-03,2025Q3,CAT_10-Q_2025-11-03_Q3_2025
CCL,815097,10-K,2025-01-27,2024Q4,CCL_10-K_2025-01-27_Q4_2024
CCL,815097,10-K,2026-01-27,2025Q4,CCL_10-K_2026-01-27_Q4_2025
CCL,815097,10-Q,2024-03-27,2024Q1,CCL_10-Q_2024-03-27_Q1_2024
CCL,815097,10-Q,2024-06-27,2024Q2,CCL_10-Q_2024-06-27_Q2_2024
CCL,815097,10-Q,2024-09-30,2024Q3,CCL_10-Q_2024-09-30_Q3_2024
CCL,815097,10-Q,2025-03-25,2025Q1,CCL_10-Q_2025-03-25_Q1_2025
CCL,815097,10-Q,2025-06-26,2025Q2,CCL_10-Q_2025-06-26_Q2_2025
CCL,815097,10-Q,2025-09-29,2025Q3,CCL_10-Q_2025-09-29_Q3_2025
CCL,815097,10-Q,2026-03-27,2026Q1,CCL_10-Q_2026-03-27_Q1_2026
CMCSA,1166691,10-K,2025-01-31,2024Q4,CMCSA_10-K_2025-01-31_Q4_2024
CMCSA,1166691,10-K,2026-02-03,2025Q4,CMCSA_10-K_2026-02-03_Q4_2025
CMCSA,1166691,10-Q,2024-07-23,2024Q2,CMCSA_10-Q_2024-07-23_Q2_2024
CMCSA,1166691,10-Q,2024-10-31,2024Q3,CMCSA_10-Q_2024-10-31_Q3_2024
CMCSA,1166691,10-Q,2025-04-24,2025Q1,CMCSA_10-Q_2025-04-24_Q1_2025
CMCSA,1166691,10-Q,2025-07-31,2025Q2,CMCSA_10-Q_2025-07-31_Q2_2025
CMCSA,1166691,10-Q,2025-10-30,2025Q3,CMCSA_10-Q_2025-10-30_Q3_2025
CMG,1058090,10-K,2025-02-05,2024Q4,CMG_10-K_2025-02-05_Q4_2024
CMG,1058090,10-K,2026-02-04,2025Q4,CMG_10-K_2026-02-04_Q4_2025
CMG,1058090,10-Q,2024-04-25,2024Q1,CMG_10-Q_2024-04-25_Q1_2024
CMG,1058090,10-Q,2024-07-25,2024Q2,CMG_10-Q_2024-07-25_Q2_2024
CMG,1058090,10-Q,2024-10-30,2024Q3,CMG_10-Q_2024-10-30_Q3_2024
CMG,1058090,10-Q,2025-04-24,2025Q1,CMG_10-Q_2025-04-24_Q1_2025
CMG,1058090,10-Q,2025-07-24,2025Q2,CMG_10-Q_2025-07-24_Q2_2025
CMG,1058090,10-Q,2025-10-30,2025Q3,CMG_10-Q_2025-10-30_Q3_2025
COIN,1679788,10-K,2025-02-13,2024Q4,COIN_10-K_2025-02-13_Q4_2024
COIN,1679788,10-K,2026-02-12,2025Q4,COIN_10-K_2026-02-12_Q4_2025
COIN,1679788,10-Q,2024-05-02,2024Q1,COIN_10-Q_2024-05-02_Q1_2024
COIN,1679788,10-Q,2024-08-01,2024Q2,COIN_10-Q_2024-08-01_Q2_2024
COIN,1679788,10-Q,2024-10-30,2024Q3,COIN_10-Q_2024-10-30_Q3_2024
COIN,1679788,10-Q,2025-05-08,2025Q1,COIN_10-Q_2025-05-08_Q1_2025
COIN,1679788,10-Q,2025-07-31,2025Q2,COIN_10-Q_2025-07-31_Q2_2025
COIN,1679788,10-Q,2025-10-30,2025Q3,COIN_10-Q_2025-10-30_Q3_2025
COP,1163165,10-K,2025-02-18,2024Q4,COP_10-K_2025-02-18_Q4_2024
COP,1163165,10-K,2026-02-17,2025Q4,COP_10-K_2026-02-17_Q4_2025
COP,1163165,10-Q,2024-08-01,2024Q2,COP_10-Q_2024-08-01_Q2_2024
COP,1163165,10-Q,2024-10-31,2024Q3,COP_10-Q_2024-10-31_Q3_2024
COP,1163165,10-Q,2025-05-08,2025Q1,COP_10-Q_2025-05-08_Q1_2025
COP,1163165,10-Q,2025-08-07,2025Q2,COP_10-Q_2025-08-07_Q2_2025
COP,1163165,10-Q,2025-11-06,2025Q3,COP_10-Q_2025-11-06_Q3_2025
COST,909832,10-K,2024-10-09,2024Q4,COST_10-K_2024-10-09_Q4_2024
COST,909832,10-K,2025-10-08,2025Q4,COST_10-K_2025-10-08_Q4_2025
COST,909832,10-Q,2024-12-19,2025Q1,COST_10-Q_2024-12-19_Q1_2025
COST,909832,10-Q,2025-03-13,2025Q2,COST_10-Q_2025-03-13_Q2_2025
COST,909832,10-Q,2025-06-05,2025Q3,COST_10-Q_2025-06-05_Q3_2025
COST,909832,10-Q,2025-12-17,2026Q1,COST_10-Q_2025-12-17_Q1_2026
COST,909832,10-Q,2026-03-11,2026Q2,COST_10-Q_2026-03-11_Q2_2026
CRM,1108524,10-K,2025-03-05,2025Q4,CRM_10-K_2025-03-05_Q4_2025
CRM,1108524,10-K,2026-03-02,2026Q4,CRM_10-K_2026-03-02_Q4_2026
CRM,1108524,10-Q,2024-08-29,2025Q2,CRM_10-Q_2024-08-29_Q2_2025
CRM,1108524,10-Q,2024-12-04,2025Q3,CRM_10-Q_2024-12-04_Q3_2025
CRM,1108524,10-Q,2025-05-29,2026Q1,CRM_10-Q_2025-05-29_Q1_2026
CRM,1108524,10-Q,2025-09-04,2026Q2,CRM_10-Q_2025-09-04_Q2_2026
CRM,1108524,10-Q,2025-12-04,2026Q3,CRM_10-Q_2025-12-04_Q3_2026
CRWD,1535527,10-K,2024-03-07,2024Q4,CRWD_10-K_2024-03-07_Q4_2024
CRWD,1535527,10-K,2025-03-10,2025Q4,CRWD_10-K_2025-03-10_Q4_2025
CRWD,1535527,10-K,2026-03-05,2026Q4,CRWD_10-K_2026-03-05_Q4_2026
CRWD,1535527,10-Q,2024-06-05,2025Q1,CRWD_10-Q_2024-06-05_Q1_2025
CRWD,1535527,10-Q,2024-08-29,2025Q2,CRWD_10-Q_2024-08-29_Q2_2025
CRWD,1535527,10-Q,2024-11-27,2025Q3,CRWD_10-Q_2024-11-27_Q3_2025
CRWD,1535527,10-Q,2025-06-04,2026Q1,CRWD_10-Q_2025-06-04_Q1_2026
CRWD,1535527,10-Q,2025-08-28,2026Q2,CRWD_10-Q_2025-08-28_Q2_2026
CRWD,1535527,10-Q,2025-12-03,2026Q3,CRWD_10-Q_2025-12-03_Q3_2026
CSCO,858877,10-K,2024-09-05,2024Q4,CSCO_10-K_2024-09-05_Q4_2024
CSCO,858877,10-K,2025-09-03,2025Q4,CSCO_10-K_2025-09-03_Q4_2025
CSCO,858877,10-Q,2024-05-21,2024Q3,CSCO_10-Q_2024-05-21_Q3_2024
CSCO,858877,10-Q,2024-11-19,2025Q1,CSCO_10-Q_2024-11-19_Q1_2025
CSCO,858877,10-Q,2025-02-18,2025Q2,CSCO_10-Q_2025-02-18_Q2_2025
CSCO,858877,10-Q,2025-05-20,2025Q3,CSCO_10-Q_2025-05-20_Q3_2025
CSCO,858877,10-Q,2025-11-18,2026Q1,CSCO_10-Q_2025-11-18_Q1_2026
CSCO,858877,10-Q,2026-02-17,2026Q2,CSCO_10-Q_2026-02-17_Q2_2026
CVNA,1690820,10-K,2025-02-19,2024Q4,CVNA_10-K_2025-02-19_Q4_2024
CVNA,1690820,10-K,2026-02-18,2025Q4,CVNA_10-K_2026-02-18_Q4_2025
CVNA,1690820,10-Q,2024-05-01,2024Q1,CVNA_10-Q_2024-05-01_Q1_2024
CVNA,1690820,10-Q,2024-07-31,2024Q2,CVNA_10-Q_2024-07-31_Q2_2024
CVNA,1690820,10-Q,2024-10-30,2024Q3,CVNA_10-Q_2024-10-30_Q3_2024
CVNA,1690820,10-Q,2025-05-07,2025Q1,CVNA_10-Q_2025-05-07_Q1_2025
CVNA,1690820,10-Q,2025-07-30,2025Q2,CVNA_10-Q_2025-07-30_Q2_2025
CVNA,1690820,10-Q,2025-10-29,2025Q3,CVNA_10-Q_2025-10-29_Q3_2025
CVX,93410,10-K,2025-02-21,2024Q4,CVX_10-K_2025-02-21_Q4_2024
CVX,93410,10-K,2026-02-24,2025Q4,CVX_10-K_2026-02-24_Q4_2025
CVX,93410,10-Q,2024-05-02,2024Q1,CVX_10-Q_2024-05-02_Q1_2024
CVX,93410,10-Q,2024-08-07,2024Q2,CVX_10-Q_2024-08-07_Q2_2024
CVX,93410,10-Q,2024-11-07,2024Q3,CVX_10-Q_2024-11-07_Q3_2024
CVX,93410,10-Q,2025-05-08,2025Q1,CVX_10-Q_2025-05-08_Q1_2025
CVX,93410,10-Q,2025-08-07,2025Q2,CVX_10-Q_2025-08-07_Q2_2025
CVX,93410,10-Q,2025-11-06,2025Q3,CVX_10-Q_2025-11-06_Q3_2025
DAL,27904,10-K,2025-02-11,2024Q4,DAL_10-K_2025-02-11_Q4_2024
DAL,27904,10-K,2026-02-11,2025Q4,DAL_10-K_2026-02-11_Q4_2025
DAL,27904,10-Q,2024-04-10,2024Q1,DAL_10-Q_2024-04-10_Q1_2024
DAL,27904,10-Q,2024-07-11,2024Q2,DAL_10-Q_2024-07-11_Q2_2024
DAL,27904,10-Q,2024-10-10,2024Q3,DAL_10-Q_2024-10-10_Q3_2024
DAL,27904,10-Q,2025-04-09,2025Q1,DAL_10-Q_2025-04-09_Q1_2025
DAL,27904,10-Q,2025-07-10,2025Q2,DAL_10-Q_2025-07-10_Q2_2025
DAL,27904,10-Q,2025-10-09,2025Q3,DAL_10-Q_2025-10-09_Q3_2025
DELL,1571996,10-K,2025-03-25,2025Q4,DELL_10-K_2025-03-25_Q4_2025
DELL,1571996,10-K,2026-03-16,2026Q4,DELL_10-K_2026-03-16_Q4_2026
DELL,1571996,10-Q,2024-06-11,2025Q1,DELL_10-Q_2024-06-11_Q1_2025
DELL,1571996,10-Q,2024-09-10,2025Q2,DELL_10-Q_2024-09-10_Q2_2025
DELL,1571996,10-Q,2024-12-10,2025Q3,DELL_10-Q_2024-12-10_Q3_2025
DELL,1571996,10-Q,2025-06-10,2026Q1,DELL_10-Q_2025-06-10_Q1_2026
DELL,1571996,10-Q,2025-09-08,2026Q2,DELL_10-Q_2025-09-08_Q2_2026
DELL,1571996,10-Q,2025-12-09,2026Q3,DELL_10-Q_2025-12-09_Q3_2026
DIS,1744489,10-K,2024-11-14,2024Q4,DIS_10-K_2024-11-14_Q4_2024
DIS,1744489,10-K,2025-11-13,2025Q4,DIS_10-K_2025-11-13_Q4_2025
DIS,1744489,10-Q,2024-05-07,2024Q2,DIS_10-Q_2024-05-07_Q2_2024
DIS,1744489,10-Q,2024-08-07,2024Q3,DIS_10-Q_2024-08-07_Q3_2024
DIS,1744489,10-Q,2025-02-05,2025Q1,DIS_10-Q_2025-02-05_Q1_2025
DIS,1744489,10-Q,2025-05-07,2025Q2,DIS_10-Q_2025-05-07_Q2_2025
DIS,1744489,10-Q,2025-08-06,2025Q3,DIS_10-Q_2025-08-06_Q3_2025
DIS,1744489,10-Q,2026-02-02,2026Q1,DIS_10-Q_2026-02-02_Q1_2026
GE,40545,10-K,2025-02-03,2024Q4,GE_10-K_2025-02-03_Q4_2024
GE,40545,10-K,2026-01-29,2025Q4,GE_10-K_2026-01-29_Q4_2025
GE,40545,10-Q,2024-04-23,2024Q1,GE_10-Q_2024-04-23_Q1_2024
GE,40545,10-Q,2024-07-23,2024Q2,GE_10-Q_2024-07-23_Q2_2024
GE,40545,10-Q,2024-10-22,2024Q3,GE_10-Q_2024-10-22_Q3_2024
GE,40545,10-Q,2025-04-22,2025Q1,GE_10-Q_2025-04-22_Q1_2025
GE,40545,10-Q,2025-07-21,2025Q2,GE_10-Q_2025-07-21_Q2_2025
GE,40545,10-Q,2025-10-21,2025Q3,GE_10-Q_2025-10-21_Q3_2025
GM,1467858,10-K,2025-01-28,2024Q4,GM_10-K_2025-01-28_Q4_2024
GM,1467858,10-K,2026-01-27,2025Q4,GM_10-K_2026-01-27_Q4_2025
GM,1467858,10-Q,2024-04-23,2024Q1,GM_10-Q_2024-04-23_Q1_2024
GM,1467858,10-Q,2024-07-23,2024Q2,GM_10-Q_2024-07-23_Q2_2024
GM,1467858,10-Q,2024-10-22,2024Q3,GM_10-Q_2024-10-22_Q3_2024
GM,1467858,10-Q,2025-05-01,2025Q1,GM_10-Q_2025-05-01_Q1_2025
GM,1467858,10-Q,2025-07-22,2025Q2,GM_10-Q_2025-07-22_Q2_2025
GM,1467858,10-Q,2025-10-21,2025Q3,GM_10-Q_2025-10-21_Q3_2025
GOOGL,1652044,10-K,2025-02-05,2024Q4,GOOGL_10-K_2025-02-05_Q4_2024
GOOGL,1652044,10-K,2026-02-05,2025Q4,GOOGL_10-K_2026-02-05_Q4_2025
GOOGL,1652044,10-Q,2024-04-26,2024Q1,GOOGL_10-Q_2024-04-26_Q1_2024
GOOGL,1652044,10-Q,2024-07-24,2024Q2,GOOGL_10-Q_2024-07-24_Q2_2024
GOOGL,1652044,10-Q,2024-10-30,2024Q3,GOOGL_10-Q_2024-10-30_Q3_2024
GOOGL,1652044,10-Q,2025-04-25,2025Q1,GOOGL_10-Q_2025-04-25_Q1_2025
GOOGL,1652044,10-Q,2025-07-24,2025Q2,GOOGL_10-Q_2025-07-24_Q2_2025
GOOGL,1652044,10-Q,2025-10-30,2025Q3,GOOGL_10-Q_2025-10-30_Q3_2025
GS,886982,10-K,2025-02-27,2024Q4,GS_10-K_2025-02-27_Q4_2024
GS,886982,10-K,2026-02-25,2025Q4,GS_10-K_2026-02-25_Q4_2025
GS,886982,10-Q,2024-05-03,2024Q1,GS_10-Q_2024-05-03_Q1_2024
GS,886982,10-Q,2024-08-02,2024Q2,GS_10-Q_2024-08-02_Q2_2024
GS,886982,10-Q,2024-11-04,2024Q3,GS_10-Q_2024-11-04_Q3_2024
GS,886982,10-Q,2025-05-02,2025Q1,GS_10-Q_2025-05-02_Q1_2025
GS,886982,10-Q,2025-08-01,2025Q2,GS_10-Q_2025-08-01_Q2_2025
GS,886982,10-Q,2025-10-31,2025Q3,GS_10-Q_2025-10-31_Q3_2025
HD,354950,10-K,2025-03-21,2024Q4,HD_10-K_2025-03-21_Q4_2024
HD,354950,10-K,2026-03-18,2025Q4,HD_10-K_2026-03-18_Q4_2025
HD,354950,10-Q,2024-05-21,2024Q1,HD_10-Q_2024-05-21_Q1_2024
HD,354950,10-Q,2024-08-20,2024Q2,HD_10-Q_2024-08-20_Q2_2024
HD,354950,10-Q,2024-11-19,2024Q3,HD_10-Q_2024-11-19_Q3_2024
HD,354950,10-Q,2025-05-28,2025Q1,HD_10-Q_2025-05-28_Q1_2025
HD,354950,10-Q,2025-08-26,2025Q2,HD_10-Q_2025-08-26_Q2_2025
HD,354950,10-Q,2025-11-25,2025Q3,HD_10-Q_2025-11-25_Q3_2025
HON,773840,10-K,2025-02-14,2024Q4,HON_10-K_2025-02-14_Q4_2024
HON,773840,10-K,2026-02-17,2025Q4,HON_10-K_2026-02-17_Q4_2025
HON,773840,10-Q,2024-04-25,2024Q1,HON_10-Q_2024-04-25_Q1_2024
HON,773840,10-Q,2024-07-25,2024Q2,HON_10-Q_2024-07-25_Q2_2024
HON,773840,10-Q,2024-10-24,2024Q3,HON_10-Q_2024-10-24_Q3_2024
HON,773840,10-Q,2025-04-29,2025Q1,HON_10-Q_2025-04-29_Q1_2025
HON,773840,10-Q,2025-07-24,2025Q2,HON_10-Q_2025-07-24_Q2_2025
HON,773840,10-Q,2025-10-23,2025Q3,HON_10-Q_2025-10-23_Q3_2025
HOOD,1783879,10-K,2025-02-18,2024Q4,HOOD_10-K_2025-02-18_Q4_2024
HOOD,1783879,10-K,2026-02-18,2025Q4,HOOD_10-K_2026-02-18_Q4_2025
HOOD,1783879,10-Q,2024-05-08,2024Q1,HOOD_10-Q_2024-05-08_Q1_2024
HOOD,1783879,10-Q,2024-08-08,2024Q2,HOOD_10-Q_2024-08-08_Q2_2024
HOOD,1783879,10-Q,2024-10-31,2024Q3,HOOD_10-Q_2024-10-31_Q3_2024
HOOD,1783879,10-Q,2025-05-01,2025Q1,HOOD_10-Q_2025-05-01_Q1_2025
HOOD,1783879,10-Q,2025-07-31,2025Q2,HOOD_10-Q_2025-07-31_Q2_2025
HOOD,1783879,10-Q,2025-11-06,2025Q3,HOOD_10-Q_2025-11-06_Q3_2025
IBM,51143,10-K,2025-02-25,2024Q4,IBM_10-K_2025-02-25_Q4_2024
IBM,51143,10-K,2026-02-24,2025Q4,IBM_10-K_2026-02-24_Q4_2025
IBM,51143,10-Q,2024-04-30,2024Q1,IBM_10-Q_2024-04-30_Q1_2024
IBM,51143,10-Q,2024-07-30,2024Q2,IBM_10-Q_2024-07-30_Q2_2024
IBM,51143,10-Q,2024-10-30,2024Q3,IBM_10-Q_2024-10-30_Q3_2024
IBM,51143,10-Q,2025-04-24,2025Q1,IBM_10-Q_2025-04-24_Q1_2025
IBM,51143,10-Q,2025-07-24,2025Q2,IBM_10-Q_2025-07-24_Q2_2025
IBM,51143,10-Q,2025-10-23,2025Q3,IBM_10-Q_2025-10-23_Q3_2025
INTC,50863,10-K,2025-01-31,2024Q4,INTC_10-K_2025-01-31_Q4_2024
INTC,50863,10-K,2026-01-23,2025Q4,INTC_10-K_2026-01-23_Q4_2025
INTC,50863,10-Q,2024-04-26,2024Q1,INTC_10-Q_2024-04-26_Q1_2024
INTC,50863,10-Q,2024-08-02,2024Q2,INTC_10-Q_2024-08-02_Q2_2024
INTC,50863,10-Q,2024-11-01,2024Q3,INTC_10-Q_2024-11-01_Q3_2024
INTC,50863,10-Q,2025-04-25,2025Q1,INTC_10-Q_2025-04-25_Q1_2025
INTC,50863,10-Q,2025-07-24,2025Q2,INTC_10-Q_2025-07-24_Q2_2025
INTC,50863,10-Q,2025-11-06,2025Q3,INTC_10-Q_2025-11-06_Q3_2025
INTU,896878,10-K,2024-09-04,2024Q4,INTU_10-K_2024-09-04_Q4_2024
INTU,896878,10-K,2025-09-03,2025Q4,INTU_10-K_2025-09-03_Q4_2025
INTU,896878,10-Q,2024-05-23,2024Q3,INTU_10-Q_2024-05-23_Q3_2024
INTU,896878,10-Q,2024-11-21,2025Q1,INTU_10-Q_2024-11-21_Q1_2025
INTU,896878,10-Q,2025-02-25,2025Q2,INTU_10-Q_2025-02-25_Q2_2025
INTU,896878,10-Q,2025-05-22,2025Q3,INTU_10-Q_2025-05-22_Q3_2025
INTU,896878,10-Q,2025-11-20,2026Q1,INTU_10-Q_2025-11-20_Q1_2026
INTU,896878,10-Q,2026-02-26,2026Q2,INTU_10-Q_2026-02-26_Q2_2026
ISRG,1035267,10-K,2025-01-31,2024Q4,ISRG_10-K_2025-01-31_Q4_2024
ISRG,1035267,10-K,2026-02-03,2025Q4,ISRG_10-K_2026-02-03_Q4_2025
ISRG,1035267,10-Q,2024-07-19,2024Q2,ISRG_10-Q_2024-07-19_Q2_2024
ISRG,1035267,10-Q,2024-10-18,2024Q3,ISRG_10-Q_2024-10-18_Q3_2024
ISRG,1035267,10-Q,2025-04-23,2025Q1,ISRG_10-Q_2025-04-23_Q1_2025
ISRG,1035267,10-Q,2025-07-23,2025Q2,ISRG_10-Q_2025-07-23_Q2_2025
ISRG,1035267,10-Q,2025-10-22,2025Q3,ISRG_10-Q_2025-10-22_Q3_2025
JNJ,200406,10-K,2025-02-13,2024Q4,JNJ_10-K_2025-02-13_Q4_2024
JNJ,200406,10-K,2026-02-11,2025Q4,JNJ_10-K_2026-02-11_Q4_2025
JNJ,200406,10-Q,2024-05-01,2024Q1,JNJ_10-Q_2024-05-01_Q1_2024
JNJ,200406,10-Q,2024-07-25,2024Q2,JNJ_10-Q_2024-07-25_Q2_2024
JNJ,200406,10-Q,2024-10-23,2024Q3,JNJ_10-Q_2024-10-23_Q3_2024
JNJ,200406,10-Q,2025-04-23,2025Q1,JNJ_10-Q_2025-04-23_Q1_2025
JNJ,200406,10-Q,2025-07-24,2025Q2,JNJ_10-Q_2025-07-24_Q2_2025
JNJ,200406,10-Q,2025-10-22,2025Q3,JNJ_10-Q_2025-10-22_Q3_2025
JPM,19617,10-K,2025-02-14,2024Q4,JPM_10-K_2025-02-14_Q4_2024
JPM,19617,10-K,2026-02-13,2025Q4,JPM_10-K_2026-02-13_Q4_2025
JPM,19617,10-Q,2024-05-01,2024Q1,JPM_10-Q_2024-05-01_Q1_2024
JPM,19617,10-Q,2024-08-02,2024Q2,JPM_10-Q_2024-08-02_Q2_2024
JPM,19617,10-Q,2024-10-30,2024Q3,JPM_10-Q_2024-10-30_Q3_2024
JPM,19617,10-Q,2025-05-01,2025Q1,JPM_10-Q_2025-05-01_Q1_2025
JPM,19617,10-Q,2025-08-05,2025Q2,JPM_10-Q_2025-08-05_Q2_2025
JPM,19617,10-Q,2025-11-04,2025Q3,JPM_10-Q_2025-11-04_Q3_2025
KHC,1637459,10-K,2025-02-13,2024Q4,KHC_10-K_2025-02-13_Q4_2024
KHC,1637459,10-K,2026-02-12,2025Q4,KHC_10-K_2026-02-12_Q4_2025
KHC,1637459,10-Q,2024-05-01,2024Q1,KHC_10-Q_2024-05-01_Q1_2024
KHC,1637459,10-Q,2024-07-31,2024Q2,KHC_10-Q_2024-07-31_Q2_2024
KHC,1637459,10-Q,2024-10-30,2024Q3,KHC_10-Q_2024-10-30_Q3_2024
KHC,1637459,10-Q,2025-04-29,2025Q1,KHC_10-Q_2025-04-29_Q1_2025
KHC,1637459,10-Q,2025-07-30,2025Q2,KHC_10-Q_2025-07-30_Q2_2025
KHC,1637459,10-Q,2025-10-29,2025Q3,KHC_10-Q_2025-10-29_Q3_2025
KO,21344,10-K,2025-02-20,2024Q4,KO_10-K_2025-02-20_Q4_2024
KO,21344,10-K,2026-02-20,2025Q4,KO_10-K_2026-02-20_Q4_2025
KO,21344,10-Q,2024-05-02,2024Q1,KO_10-Q_2024-05-02_Q1_2024
KO,21344,10-Q,2024-07-29,2024Q2,KO_10-Q_2024-07-29_Q2_2024
KO,21344,10-Q,2024-10-24,2024Q3,KO_10-Q_2024-10-24_Q3_2024
KO,21344,10-Q,2025-05-01,2025Q1,KO_10-Q_2025-05-01_Q1_2025
KO,21344,10-Q,2025-07-24,2025Q2,KO_10-Q_2025-07-24_Q2_2025
KO,21344,10-Q,2025-10-23,2025Q3,KO_10-Q_2025-10-23_Q3_2025
LLY,59478,10-K,2025-02-19,2024Q4,LLY_10-K_2025-02-19_Q4_2024
LLY,59478,10-K,2026-02-12,2025Q4,LLY_10-K_2026-02-12_Q4_2025
LLY,59478,10-Q,2024-08-08,2024Q2,LLY_10-Q_2024-08-08_Q2_2024
LLY,59478,10-Q,2024-10-30,2024Q3,LLY_10-Q_2024-10-30_Q3_2024
LLY,59478,10-Q,2025-05-01,2025Q1,LLY_10-Q_2025-05-01_Q1_2025
LLY,59478,10-Q,2025-08-07,2025Q2,LLY_10-Q_2025-08-07_Q2_2025
LLY,59478,10-Q,2025-10-30,2025Q3,LLY_10-Q_2025-10-30_Q3_2025
LMT,936468,10-K,2025-01-28,2024Q4,LMT_10-K_2025-01-28_Q4_2024
LMT,936468,10-K,2026-01-29,2025Q4,LMT_10-K_2026-01-29_Q4_2025
LMT,936468,10-Q,2024-04-23,2024Q1,LMT_10-Q_2024-04-23_Q1_2024
LMT,936468,10-Q,2024-07-23,2024Q2,LMT_10-Q_2024-07-23_Q2_2024
LMT,936468,10-Q,2024-10-22,2024Q3,LMT_10-Q_2024-10-22_Q3_2024
LMT,936468,10-Q,2025-04-22,2025Q1,LMT_10-Q_2025-04-22_Q1_2025
LMT,936468,10-Q,2025-07-22,2025Q2,LMT_10-Q_2025-07-22_Q2_2025
LMT,936468,10-Q,2025-10-21,2025Q3,LMT_10-Q_2025-10-21_Q3_2025
LOW,60667,10-K,2025-03-24,2024Q4,LOW_10-K_2025-03-24_Q4_2024
LOW,60667,10-K,2026-03-23,2025Q4,LOW_10-K_2026-03-23_Q4_2025
LOW,60667,10-Q,2024-05-30,2024Q1,LOW_10-Q_2024-05-30_Q1_2024
LOW,60667,10-Q,2024-08-29,2024Q2,LOW_10-Q_2024-08-29_Q2_2024
LOW,60667,10-Q,2024-11-27,2024Q3,LOW_10-Q_2024-11-27_Q3_2024
LOW,60667,10-Q,2025-05-29,2025Q1,LOW_10-Q_2025-05-29_Q1_2025
LOW,60667,10-Q,2025-08-28,2025Q2,LOW_10-Q_2025-08-28_Q2_2025
LOW,60667,10-Q,2025-11-26,2025Q3,LOW_10-Q_2025-11-26_Q3_2025
LULU,1397187,10-K,2024-03-21,2023Q4,LULU_10-K_2024-03-21_Q4_2023
LULU,1397187,10-K,2025-03-27,2024Q4,LULU_10-K_2025-03-27_Q4_2024
LULU,1397187,10-K,2026-03-17,2025Q4,LULU_10-K_2026-03-17_Q4_2025
LULU,1397187,10-Q,2024-06-05,2024Q1,LULU_10-Q_2024-06-05_Q1_2024
LULU,1397187,10-Q,2024-08-29,2024Q2,LULU_10-Q_2024-08-29_Q2_2024
LULU,1397187,10-Q,2024-12-05,2024Q3,LULU_10-Q_2024-12-05_Q3_2024
LULU,1397187,10-Q,2025-06-05,2025Q1,LULU_10-Q_2025-06-05_Q1_2025
LULU,1397187,10-Q,2025-09-04,2025Q2,LULU_10-Q_2025-09-04_Q2_2025
LULU,1397187,10-Q,2025-12-11,2025Q3,LULU_10-Q_2025-12-11_Q3_2025
M,794367,10-K,2025-03-21,2024Q4,M_10-K_2025-03-21_Q4_2024
M,794367,10-K,2026-03-27,2025Q4,M_10-K_2026-03-27_Q4_2025
M,794367,10-Q,2024-09-04,2024Q2,M_10-Q_2024-09-04_Q2_2024
M,794367,10-Q,2024-12-12,2024Q3,M_10-Q_2024-12-12_Q3_2024
M,794367,10-Q,2025-06-05,2025Q1,M_10-Q_2025-06-05_Q1_2025
M,794367,10-Q,2025-09-10,2025Q2,M_10-Q_2025-09-10_Q2_2025
M,794367,10-Q,2025-12-10,2025Q3,M_10-Q_2025-12-10_Q3_2025
MA,1141391,10-K,2025-02-12,2024Q4,MA_10-K_2025-02-12_Q4_2024
MA,1141391,10-K,2026-02-11,2025Q4,MA_10-K_2026-02-11_Q4_2025
MA,1141391,10-Q,2024-05-01,2024Q1,MA_10-Q_2024-05-01_Q1_2024
MA,1141391,10-Q,2024-07-31,2024Q2,MA_10-Q_2024-07-31_Q2_2024
MA,1141391,10-Q,2024-10-31,2024Q3,MA_10-Q_2024-10-31_Q3_2024
MA,1141391,10-Q,2025-05-01,2025Q1,MA_10-Q_2025-05-01_Q1_2025
MA,1141391,10-Q,2025-07-31,2025Q2,MA_10-Q_2025-07-31_Q2_2025
MA,1141391,10-Q,2025-10-30,2025Q3,MA_10-Q_2025-10-30_Q3_2025
MCD,63908,10-K,2025-02-25,2024Q4,MCD_10-K_2025-02-25_Q4_2024
MCD,63908,10-K,2026-02-24,2025Q4,MCD_10-K_2026-02-24_Q4_2025
MCD,63908,10-Q,2024-05-08,2024Q1,MCD_10-Q_2024-05-08_Q1_2024
MCD,63908,10-Q,2024-08-08,2024Q2,MCD_10-Q_2024-08-08_Q2_2024
MCD,63908,10-Q,2024-11-07,2024Q3,MCD_10-Q_2024-11-07_Q3_2024
MCD,63908,10-Q,2025-05-12,2025Q1,MCD_10-Q_2025-05-12_Q1_2025
MCD,63908,10-Q,2025-08-06,2025Q2,MCD_10-Q_2025-08-06_Q2_2025
MCD,63908,10-Q,2025-11-05,2025Q3,MCD_10-Q_2025-11-05_Q3_2025
MELI,1099590,10-K,2025-02-21,2024Q4,MELI_10-K_2025-02-21_Q4_2024
MELI,1099590,10-K,2026-02-25,2025Q4,MELI_10-K_2026-02-25_Q4_2025
MELI,1099590,10-Q,2024-08-02,2024Q2,MELI_10-Q_2024-08-02_Q2_2024
MELI,1099590,10-Q,2024-11-07,2024Q3,MELI_10-Q_2024-11-07_Q3_2024
MELI,1099590,10-Q,2025-05-08,2025Q1,MELI_10-Q_2025-05-08_Q1_2025
MELI,1099590,10-Q,2025-08-05,2025Q2,MELI_10-Q_2025-08-05_Q2_2025
MELI,1099590,10-Q,2025-10-30,2025Q3,MELI_10-Q_2025-10-30_Q3_2025
META,1326801,10-K,2025-01-30,2024Q4,META_10-K_2025-01-30_Q4_2024
META,1326801,10-K,2026-01-29,2025Q4,META_10-K_2026-01-29_Q4_2025
META,1326801,10-Q,2024-08-01,2024Q2,META_10-Q_2024-08-01_Q2_2024
META,1326801,10-Q,2024-10-31,2024Q3,META_10-Q_2024-10-31_Q3_2024
META,1326801,10-Q,2025-05-01,2025Q1,META_10-Q_2025-05-01_Q1_2025
META,1326801,10-Q,2025-07-31,2025Q2,META_10-Q_2025-07-31_Q2_2025
META,1326801,10-Q,2025-10-30,2025Q3,META_10-Q_2025-10-30_Q3_2025
MRK,310158,10-K,2025-02-25,2024Q4,MRK_10-K_2025-02-25_Q4_2024
MRK,310158,10-K,2026-02-24,2025Q4,MRK_10-K_2026-02-24_Q4_2025
MRK,310158,10-Q,2024-05-03,2024Q1,MRK_10-Q_2024-05-03_Q1_2024
MRK,310158,10-Q,2024-08-05,2024Q2,MRK_10-Q_2024-08-05_Q2_2024
MRK,310158,10-Q,2024-11-06,2024Q3,MRK_10-Q_2024-11-06_Q3_2024
MRK,310158,10-Q,2025-05-02,2025Q1,MRK_10-Q_2025-05-02_Q1_2025
MRK,310158,10-Q,2025-08-05,2025Q2,MRK_10-Q_2025-08-05_Q2_2025
MRK,310158,10-Q,2025-11-05,2025Q3,MRK_10-Q_2025-11-05_Q3_2025
MS,895421,10-K,2025-02-21,2024Q4,MS_10-K_2025-02-21_Q4_2024
MS,895421,10-K,2026-02-19,2025Q4,MS_10-K_2026-02-19_Q4_2025
MS,895421,10-Q,2024-05-03,2024Q1,MS_10-Q_2024-05-03_Q1_2024
MS,895421,10-Q,2024-08-05,2024Q2,MS_10-Q_2024-08-05_Q2_2024
MS,895421,10-Q,2024-11-04,2024Q3,MS_10-Q_2024-11-04_Q3_2024
MS,895421,10-Q,2025-05-05,2025Q1,MS_10-Q_2025-05-05_Q1_2025
MS,895421,10-Q,2025-08-04,2025Q2,MS_10-Q_2025-08-04_Q2_2025
MS,895421,10-Q,2025-11-03,2025Q3,MS_10-Q_2025-11-03_Q3_2025
MSFT,789019,10-K,2024-07-30,2024Q4,MSFT_10-K_2024-07-30_Q4_2024
MSFT,789019,10-K,2025-07-30,2025Q4,MSFT_10-K_2025-07-30_Q4_2025
MSFT,789019,10-Q,2024-10-30,2025Q1,MSFT_10-Q_2024-10-30_Q1_2025
MSFT,789019,10-Q,2025-01-29,2025Q2,MSFT_10-Q_2025-01-29_Q2_2025
MSFT,789019,10-Q,2025-04-30,2025Q3,MSFT_10-Q_2025-04-30_Q3_2025
MSFT,789019,10-Q,2025-10-29,2026Q1,MSFT_10-Q_2025-10-29_Q1_2026
MSFT,789019,10-Q,2026-01-28,2026Q2,MSFT_10-Q_2026-01-28_Q2_2026
MU,723125,10-K,2024-10-04,2024Q4,MU_10-K_2024-10-04_Q4_2024
MU,723125,10-K,2025-10-03,2025Q4,MU_10-K_2025-10-03_Q4_2025
MU,723125,10-Q,2024-06-27,2024Q3,MU_10-Q_2024-06-27_Q3_2024
MU,723125,10-Q,2024-12-19,2025Q1,MU_10-Q_2024-12-19_Q1_2025
MU,723125,10-Q,2025-03-21,2025Q2,MU_10-Q_2025-03-21_Q2_2025
MU,723125,10-Q,2025-06-26,2025Q3,MU_10-Q_2025-06-26_Q3_2025
MU,723125,10-Q,2025-12-18,2026Q1,MU_10-Q_2025-12-18_Q1_2026
MU,723125,10-Q,2026-03-19,2026Q2,MU_10-Q_2026-03-19_Q2_2026
NFLX,1065280,10-K,2025-01-27,2024Q4,NFLX_10-K_2025-01-27_Q4_2024
NFLX,1065280,10-K,2026-01-23,2025Q4,NFLX_10-K_2026-01-23_Q4_2025
NFLX,1065280,10-Q,2024-04-22,2024Q1,NFLX_10-Q_2024-04-22_Q1_2024
NFLX,1065280,10-Q,2024-07-19,2024Q2,NFLX_10-Q_2024-07-19_Q2_2024
NFLX,1065280,10-Q,2024-10-18,2024Q3,NFLX_10-Q_2024-10-18_Q3_2024
NFLX,1065280,10-Q,2025-04-18,2025Q1,NFLX_10-Q_2025-04-18_Q1_2025
NFLX,1065280,10-Q,2025-07-18,2025Q2,NFLX_10-Q_2025-07-18_Q2_2025
NFLX,1065280,10-Q,2025-10-22,2025Q3,NFLX_10-Q_2025-10-22_Q3_2025
NKE,320187,10-K,2024-07-25,2024Q4,NKE_10-K_2024-07-25_Q4_2024
NKE,320187,10-K,2025-07-17,2025Q4,NKE_10-K_2025-07-17_Q4_2025
NKE,320187,10-Q,2024-04-04,2024Q3,NKE_10-Q_2024-04-04_Q3_2024
NKE,320187,10-Q,2024-10-07,2025Q1,NKE_10-Q_2024-10-07_Q1_2025
NKE,320187,10-Q,2025-01-03,2025Q2,NKE_10-Q_2025-01-03_Q2_2025
NKE,320187,10-Q,2025-04-03,2025Q3,NKE_10-Q_2025-04-03_Q3_2025
NKE,320187,10-Q,2025-10-01,2026Q1,NKE_10-Q_2025-10-01_Q1_2026
NKE,320187,10-Q,2025-12-30,2026Q2,NKE_10-Q_2025-12-30_Q2_2026
NVDA,1045810,10-K,2025-02-26,2025Q4,NVDA_10-K_2025-02-26_Q4_2025
NVDA,1045810,10-K,2026-02-25,2026Q4,NVDA_10-K_2026-02-25_Q4_2026
NVDA,1045810,10-Q,2024-05-29,2025Q1,NVDA_10-Q_2024-05-29_Q1_2025
NVDA,1045810,10-Q,2024-08-28,2025Q2,NVDA_10-Q_2024-08-28_Q2_2025
NVDA,1045810,10-Q,2024-11-20,2025Q3,NVDA_10-Q_2024-11-20_Q3_2025
NVDA,1045810,10-Q,2025-05-28,2026Q1,NVDA_10-Q_2025-05-28_Q1_2026
NVDA,1045810,10-Q,2025-08-27,2026Q2,NVDA_10-Q_2025-08-27_Q2_2026
NVDA,1045810,10-Q,2025-11-19,2026Q3,NVDA_10-Q_2025-11-19_Q3_2026
ORCL,1341439,10-K,2024-06-20,2024Q4,ORCL_10-K_2024-06-20_Q4_2024
ORCL,1341439,10-K,2025-06-18,2025Q4,ORCL_10-K_2025-06-18_Q4_2025
ORCL,1341439,10-Q,2024-09-10,2025Q1,ORCL_10-Q_2024-09-10_Q1_2025
ORCL,1341439,10-Q,2024-12-10,2025Q2,ORCL_10-Q_2024-12-10_Q2_2025
ORCL,1341439,10-Q,2025-03-11,2025Q3,ORCL_10-Q_2025-03-11_Q3_2025
ORCL,1341439,10-Q,2025-09-10,2026Q1,ORCL_10-Q_2025-09-10_Q1_2026
ORCL,1341439,10-Q,2025-12-11,2026Q2,ORCL_10-Q_2025-12-11_Q2_2026
ORCL,1341439,10-Q,2026-03-11,2026Q3,ORCL_10-Q_2026-03-11_Q3_2026
PANW,1327567,10-K,2024-09-06,2024Q4,PANW_10-K_2024-09-06_Q4_2024
PANW,1327567,10-K,2025-08-29,2025Q4,PANW_10-K_2025-08-29_Q4_2025
PANW,1327567,10-Q,2024-05-21,2024Q3,PANW_10-Q_2024-05-21_Q3_2024
PANW,1327567,10-Q,2024-11-21,2025Q1,PANW_10-Q_2024-11-21_Q1_2025
PANW,1327567,10-Q,2025-02-14,2025Q2,PANW_10-Q_2025-02-14_Q2_2025
PANW,1327567,10-Q,2025-05-21,2025Q3,PANW_10-Q_2025-05-21_Q3_2025
PANW,1327567,10-Q,2025-11-20,2026Q1,PANW_10-Q_2025-11-20_Q1_2026
PANW,1327567,10-Q,2026-02-18,2026Q2,PANW_10-Q_2026-02-18_Q2_2026
PEP,77476,10-K,2025-02-04,2024Q4,PEP_10-K_2025-02-04_Q4_2024
PEP,77476,10-K,2026-02-03,2025Q4,PEP_10-K_2026-02-03_Q4_2025
PEP,77476,10-Q,2024-04-23,2024Q1,PEP_10-Q_2024-04-23_Q1_2024
PEP,77476,10-Q,2024-07-11,2024Q2,PEP_10-Q_2024-07-11_Q2_2024
PEP,77476,10-Q,2024-10-08,2024Q3,PEP_10-Q_2024-10-08_Q3_2024
PEP,77476,10-Q,2025-04-24,2025Q1,PEP_10-Q_2025-04-24_Q1_2025
PEP,77476,10-Q,2025-07-17,2025Q2,PEP_10-Q_2025-07-17_Q2_2025
PEP,77476,10-Q,2025-10-09,2025Q3,PEP_10-Q_2025-10-09_Q3_2025
PFE,78003,10-K,2025-02-27,2024Q4,PFE_10-K_2025-02-27_Q4_2024
PFE,78003,10-K,2026-02-26,2025Q4,PFE_10-K_2026-02-26_Q4_2025
PFE,78003,10-Q,2024-05-08,2024Q1,PFE_10-Q_2024-05-08_Q1_2024
PFE,78003,10-Q,2024-08-05,2024Q2,PFE_10-Q_2024-08-05_Q2_2024
PFE,78003,10-Q,2024-11-04,2024Q3,PFE_10-Q_2024-11-04_Q3_2024
PFE,78003,10-Q,2025-05-05,2025Q1,PFE_10-Q_2025-05-05_Q1_2025
PFE,78003,10-Q,2025-08-05,2025Q2,PFE_10-Q_2025-08-05_Q2_2025
PFE,78003,10-Q,2025-11-04,2025Q3,PFE_10-Q_2025-11-04_Q3_2025
PG,80424,10-K,2024-08-05,2024Q4,PG_10-K_2024-08-05_Q4_2024
PG,80424,10-K,2025-08-04,2025Q4,PG_10-K_2025-08-04_Q4_2025
PG,80424,10-Q,2024-10-18,2025Q1,PG_10-Q_2024-10-18_Q1_2025
PG,80424,10-Q,2025-01-22,2025Q2,PG_10-Q_2025-01-22_Q2_2025
PG,80424,10-Q,2025-04-24,2025Q3,PG_10-Q_2025-04-24_Q3_2025
PG,80424,10-Q,2025-10-24,2026Q1,PG_10-Q_2025-10-24_Q1_2026
PG,80424,10-Q,2026-01-23,2026Q2,PG_10-Q_2026-01-23_Q2_2026
PLTR,1321655,10-K,2025-02-18,2024Q4,PLTR_10-K_2025-02-18_Q4_2024
PLTR,1321655,10-K,2026-02-17,2025Q4,PLTR_10-K_2026-02-17_Q4_2025
PLTR,1321655,10-Q,2024-05-07,2024Q1,PLTR_10-Q_2024-05-07_Q1_2024
PLTR,1321655,10-Q,2024-08-06,2024Q2,PLTR_10-Q_2024-08-06_Q2_2024
PLTR,1321655,10-Q,2024-11-05,2024Q3,PLTR_10-Q_2024-11-05_Q3_2024
PLTR,1321655,10-Q,2025-05-06,2025Q1,PLTR_10-Q_2025-05-06_Q1_2025
PLTR,1321655,10-Q,2025-08-05,2025Q2,PLTR_10-Q_2025-08-05_Q2_2025
PLTR,1321655,10-Q,2025-11-04,2025Q3,PLTR_10-Q_2025-11-04_Q3_2025
PLUG,1093691,10-K,2025-03-03,2024Q4,PLUG_10-K_2025-03-03_Q4_2024
PLUG,1093691,10-K,2026-03-02,2025Q4,PLUG_10-K_2026-03-02_Q4_2025
PLUG,1093691,10-Q,2024-08-08,2024Q2,PLUG_10-Q_2024-08-08_Q2_2024
PLUG,1093691,10-Q,2024-11-12,2024Q3,PLUG_10-Q_2024-11-12_Q3_2024
PLUG,1093691,10-Q,2025-05-12,2025Q1,PLUG_10-Q_2025-05-12_Q1_2025
PLUG,1093691,10-Q,2025-08-11,2025Q2,PLUG_10-Q_2025-08-11_Q2_2025
PLUG,1093691,10-Q,2025-11-10,2025Q3,PLUG_10-Q_2025-11-10_Q3_2025
PYPL,1633917,10-K,2025-02-04,2024Q4,PYPL_10-K_2025-02-04_Q4_2024
PYPL,1633917,10-K,2026-02-03,2025Q4,PYPL_10-K_2026-02-03_Q4_2025
PYPL,1633917,10-Q,2024-04-30,2024Q1,PYPL_10-Q_2024-04-30_Q1_2024
PYPL,1633917,10-Q,2024-07-30,2024Q2,PYPL_10-Q_2024-07-30_Q2_2024
PYPL,1633917,10-Q,2024-10-29,2024Q3,PYPL_10-Q_2024-10-29_Q3_2024
PYPL,1633917,10-Q,2025-04-29,2025Q1,PYPL_10-Q_2025-04-29_Q1_2025
PYPL,1633917,10-Q,2025-07-29,2025Q2,PYPL_10-Q_2025-07-29_Q2_2025
PYPL,1633917,10-Q,2025-10-28,2025Q3,PYPL_10-Q_2025-10-28_Q3_2025
QCOM,804328,10-K,2024-11-06,2024Q4,QCOM_10-K_2024-11-06_Q4_2024
QCOM,804328,10-K,2025-11-05,2025Q4,QCOM_10-K_2025-11-05_Q4_2025
QCOM,804328,10-Q,2024-05-01,2024Q2,QCOM_10-Q_2024-05-01_Q2_2024
QCOM,804328,10-Q,2024-07-31,2024Q3,QCOM_10-Q_2024-07-31_Q3_2024
QCOM,804328,10-Q,2025-02-05,2025Q1,QCOM_10-Q_2025-02-05_Q1_2025
QCOM,804328,10-Q,2025-04-30,2025Q2,QCOM_10-Q_2025-04-30_Q2_2025
QCOM,804328,10-Q,2025-07-30,2025Q3,QCOM_10-Q_2025-07-30_Q3_2025
QCOM,804328,10-Q,2026-02-04,2026Q1,QCOM_10-Q_2026-02-04_Q1_2026
RTX,101829,10-K,2025-02-03,2024Q4,RTX_10-K_2025-02-03_Q4_2024
RTX,101829,10-K,2026-02-06,2025Q4,RTX_10-K_2026-02-06_Q4_2025
RTX,101829,10-Q,2024-04-23,2024Q1,RTX_10-Q_2024-04-23_Q1_2024
RTX,101829,10-Q,2024-07-25,2024Q2,RTX_10-Q_2024-07-25_Q2_2024
RTX,101829,10-Q,2024-10-22,2024Q3,RTX_10-Q_2024-10-22_Q3_2024
RTX,101829,10-Q,2025-04-22,2025Q1,RTX_10-Q_2025-04-22_Q1_2025
RTX,101829,10-Q,2025-07-22,2025Q2,RTX_10-Q_2025-07-22_Q2_2025
RTX,101829,10-Q,2025-10-21,2025Q3,RTX_10-Q_2025-10-21_Q3_2025
SBUX,829224,10-K,2024-11-20,2024Q4,SBUX_10-K_2024-11-20_Q4_2024
SBUX,829224,10-K,2025-11-14,2025Q4,SBUX_10-K_2025-11-14_Q4_2025
SBUX,829224,10-Q,2024-04-30,2024Q2,SBUX_10-Q_2024-04-30_Q2_2024
SBUX,829224,10-Q,2024-07-30,2024Q3,SBUX_10-Q_2024-07-30_Q3_2024
SBUX,829224,10-Q,2025-01-28,2025Q1,SBUX_10-Q_2025-01-28_Q1_2025
SBUX,829224,10-Q,2025-04-29,2025Q2,SBUX_10-Q_2025-04-29_Q2_2025
SBUX,829224,10-Q,2025-07-29,2025Q3,SBUX_10-Q_2025-07-29_Q3_2025
SBUX,829224,10-Q,2026-01-28,2026Q1,SBUX_10-Q_2026-01-28_Q1_2026
SLB,87347,10-K,2025-01-22,2024Q4,SLB_10-K_2025-01-22_Q4_2024
SLB,87347,10-K,2026-01-23,2025Q4,SLB_10-K_2026-01-23_Q4_2025
SLB,87347,10-Q,2024-04-24,2024Q1,SLB_10-Q_2024-04-24_Q1_2024
SLB,87347,10-Q,2024-07-24,2024Q2,SLB_10-Q_2024-07-24_Q2_2024
SLB,87347,10-Q,2024-10-23,2024Q3,SLB_10-Q_2024-10-23_Q3_2024
SLB,87347,10-Q,2025-04-25,2025Q1,SLB_10-Q_2025-04-25_Q1_2025
SLB,87347,10-Q,2025-07-24,2025Q2,SLB_10-Q_2025-07-24_Q2_2025
SLB,87347,10-Q,2025-10-22,2025Q3,SLB_10-Q_2025-10-22_Q3_2025
SMCI,1375365,10-K,2025-02-25,2025Q1,SMCI_10-K_2025-02-25_Q1_2025
SMCI,1375365,10-K,2025-08-28,2025Q4,SMCI_10-K_2025-08-28_Q4_2025
SMCI,1375365,10-Q,2024-05-06,2024Q4,SMCI_10-Q_2024-05-06_Q4_2024
SMCI,1375365,10-Q,2025-02-25,2025Q2,SMCI_10-Q_2025-02-25_Q2_2025
SMCI,1375365,10-Q,2025-05-12,2025Q3,SMCI_10-Q_2025-05-12_Q3_2025
SMCI,1375365,10-Q,2025-11-07,2026Q1,SMCI_10-Q_2025-11-07_Q1_2026
SMCI,1375365,10-Q,2026-02-06,2026Q2,SMCI_10-Q_2026-02-06_Q2_2026
SPGI,64040,10-K,2025-02-11,2024Q4,SPGI_10-K_2025-02-11_Q4_2024
SPGI,64040,10-K,2026-02-11,2025Q4,SPGI_10-K_2026-02-11_Q4_2025
SPGI,64040,10-Q,2024-07-30,2024Q2,SPGI_10-Q_2024-07-30_Q2_2024
SPGI,64040,10-Q,2024-10-25,2024Q3,SPGI_10-Q_2024-10-25_Q3_2024
SPGI,64040,10-Q,2025-04-29,2025Q1,SPGI_10-Q_2025-04-29_Q1_2025
SPGI,64040,10-Q,2025-08-01,2025Q2,SPGI_10-Q_2025-08-01_Q2_2025
SPGI,64040,10-Q,2025-10-30,2025Q3,SPGI_10-Q_2025-10-30_Q3_2025
TGT,27419,10-K,2025-03-12,2024Q4,TGT_10-K_2025-03-12_Q4_2024
TGT,27419,10-K,2026-03-11,2025Q4,TGT_10-K_2026-03-11_Q4_2025
TGT,27419,10-Q,2024-05-31,2024Q1,TGT_10-Q_2024-05-31_Q1_2024
TGT,27419,10-Q,2024-08-30,2024Q2,TGT_10-Q_2024-08-30_Q2_2024
TGT,27419,10-Q,2024-11-27,2024Q3,TGT_10-Q_2024-11-27_Q3_2024
TGT,27419,10-Q,2025-05-30,2025Q1,TGT_10-Q_2025-05-30_Q1_2025
TGT,27419,10-Q,2025-08-29,2025Q2,TGT_10-Q_2025-08-29_Q2_2025
TGT,27419,10-Q,2025-11-26,2025Q3,TGT_10-Q_2025-11-26_Q3_2025
TMO,97745,10-K,2025-02-20,2024Q4,TMO_10-K_2025-02-20_Q4_2024
TMO,97745,10-K,2026-02-26,2025Q4,TMO_10-K_2026-02-26_Q4_2025
TMO,97745,10-Q,2024-05-03,2024Q1,TMO_10-Q_2024-05-03_Q1_2024
TMO,97745,10-Q,2024-08-02,2024Q2,TMO_10-Q_2024-08-02_Q2_2024
TMO,97745,10-Q,2024-11-01,2024Q3,TMO_10-Q_2024-11-01_Q3_2024
TMO,97745,10-Q,2025-05-02,2025Q1,TMO_10-Q_2025-05-02_Q1_2025
TMO,97745,10-Q,2025-08-01,2025Q2,TMO_10-Q_2025-08-01_Q2_2025
TMO,97745,10-Q,2025-10-31,2025Q3,TMO_10-Q_2025-10-31_Q3_2025
TSLA,1318605,10-K,2025-01-30,2024Q4,TSLA_10-K_2025-01-30_Q4_2024
TSLA,1318605,10-K,2026-01-29,2025Q4,TSLA_10-K_2026-01-29_Q4_2025
TSLA,1318605,10-Q,2024-04-24,2024Q1,TSLA_10-Q_2024-04-24_Q1_2024
TSLA,1318605,10-Q,2024-07-24,2024Q2,TSLA_10-Q_2024-07-24_Q2_2024
TSLA,1318605,10-Q,2024-10-24,2024Q3,TSLA_10-Q_2024-10-24_Q3_2024
TSLA,1318605,10-Q,2025-04-23,2025Q1,TSLA_10-Q_2025-04-23_Q1_2025
TSLA,1318605,10-Q,2025-07-24,2025Q2,TSLA_10-Q_2025-07-24_Q2_2025
TSLA,1318605,10-Q,2025-10-23,2025Q3,TSLA_10-Q_2025-10-23_Q3_2025
UAL,100517,10-K,2025-02-27,2024Q4,UAL_10-K_2025-02-27_Q4_2024
UAL,100517,10-K,2026-02-12,2025Q4,UAL_10-K_2026-02-12_Q4_2025
UAL,100517,10-Q,2024-04-17,2024Q1,UAL_10-Q_2024-04-17_Q1_2024
UAL,100517,10-Q,2024-07-18,2024Q2,UAL_10-Q_2024-07-18_Q2_2024
UAL,100517,10-Q,2024-10-16,2024Q3,UAL_10-Q_2024-10-16_Q3_2024
UAL,100517,10-Q,2025-04-16,2025Q1,UAL_10-Q_2025-04-16_Q1_2025
UAL,100517,10-Q,2025-07-17,2025Q2,UAL_10-Q_2025-07-17_Q2_2025
UAL,100517,10-Q,2025-10-16,2025Q3,UAL_10-Q_2025-10-16_Q3_2025
UBER,1543151,10-K,2025-02-14,2024Q4,UBER_10-K_2025-02-14_Q4_2024
UBER,1543151,10-K,2026-02-13,2025Q4,UBER_10-K_2026-02-13_Q4_2025
UBER,1543151,10-Q,2024-05-08,2024Q1,UBER_10-Q_2024-05-08_Q1_2024
UBER,1543151,10-Q,2024-08-06,2024Q2,UBER_10-Q_2024-08-06_Q2_2024
UBER,1543151,10-Q,2024-10-31,2024Q3,UBER_10-Q_2024-10-31_Q3_2024
UBER,1543151,10-Q,2025-05-07,2025Q1,UBER_10-Q_2025-05-07_Q1_2025
UBER,1543151,10-Q,2025-08-06,2025Q2,UBER_10-Q_2025-08-06_Q2_2025
UBER,1543151,10-Q,2025-11-04,2025Q3,UBER_10-Q_2025-11-04_Q3_2025
UNH,731766,10-K,2025-02-27,2024Q4,UNH_10-K_2025-02-27_Q4_2024
UNH,731766,10-K,2026-03-02,2025Q4,UNH_10-K_2026-03-02_Q4_2025
UNH,731766,10-Q,2024-05-09,2024Q1,UNH_10-Q_2024-05-09_Q1_2024
UNH,731766,10-Q,2024-08-09,2024Q2,UNH_10-Q_2024-08-09_Q2_2024
UNH,731766,10-Q,2024-11-04,2024Q3,UNH_10-Q_2024-11-04_Q3_2024
UNH,731766,10-Q,2025-05-07,2025Q1,UNH_10-Q_2025-05-07_Q1_2025
UNH,731766,10-Q,2025-08-11,2025Q2,UNH_10-Q_2025-08-11_Q2_2025
UNH,731766,10-Q,2025-10-28,2025Q3,UNH_10-Q_2025-10-28_Q3_2025
UNP,100885,10-K,2025-02-07,2024Q4,UNP_10-K_2025-02-07_Q4_2024
UNP,100885,10-K,2026-02-06,2025Q4,UNP_10-K_2026-02-06_Q4_2025
UNP,100885,10-Q,2024-04-25,2024Q1,UNP_10-Q_2024-04-25_Q1_2024
UNP,100885,10-Q,2024-07-25,2024Q2,UNP_10-Q_2024-07-25_Q2_2024
UNP,100885,10-Q,2024-10-24,2024Q3,UNP_10-Q_2024-10-24_Q3_2024
UNP,100885,10-Q,2025-04-24,2025Q1,UNP_10-Q_2025-04-24_Q1_2025
UNP,100885,10-Q,2025-07-24,2025Q2,UNP_10-Q_2025-07-24_Q2_2025
UNP,100885,10-Q,2025-10-23,2025Q3,UNP_10-Q_2025-10-23_Q3_2025
UPS,1090727,10-K,2025-02-18,2024Q4,UPS_10-K_2025-02-18_Q4_2024
UPS,1090727,10-K,2026-02-17,2025Q4,UPS_10-K_2026-02-17_Q4_2025
UPS,1090727,10-Q,2024-05-03,2024Q1,UPS_10-Q_2024-05-03_Q1_2024
UPS,1090727,10-Q,2024-08-07,2024Q2,UPS_10-Q_2024-08-07_Q2_2024
UPS,1090727,10-Q,2024-11-06,2024Q3,UPS_10-Q_2024-11-06_Q3_2024
UPS,1090727,10-Q,2025-05-07,2025Q1,UPS_10-Q_2025-05-07_Q1_2025
UPS,1090727,10-Q,2025-08-06,2025Q2,UPS_10-Q_2025-08-06_Q2_2025
UPS,1090727,10-Q,2025-11-05,2025Q3,UPS_10-Q_2025-11-05_Q3_2025
V,1403161,10-K,2024-11-13,2024Q4,V_10-K_2024-11-13_Q4_2024
V,1403161,10-K,2025-11-06,2025Q4,V_10-K_2025-11-06_Q4_2025
V,1403161,10-Q,2024-07-24,2024Q3,V_10-Q_2024-07-24_Q3_2024
V,1403161,10-Q,2025-01-31,2025Q1,V_10-Q_2025-01-31_Q1_2025
V,1403161,10-Q,2025-04-30,2025Q2,V_10-Q_2025-04-30_Q2_2025
V,1403161,10-Q,2025-07-30,2025Q3,V_10-Q_2025-07-30_Q3_2025
V,1403161,10-Q,2026-01-30,2026Q1,V_10-Q_2026-01-30_Q1_2026
WBD,1437107,10-K,2025-02-27,2024Q4,WBD_10-K_2025-02-27_Q4_2024
WBD,1437107,10-K,2026-02-27,2025Q4,WBD_10-K_2026-02-27_Q4_2025
WBD,1437107,10-Q,2024-05-09,2024Q1,WBD_10-Q_2024-05-09_Q1_2024
WBD,1437107,10-Q,2024-08-07,2024Q2,WBD_10-Q_2024-08-07_Q2_2024
WBD,1437107,10-Q,2024-11-07,2024Q3,WBD_10-Q_2024-11-07_Q3_2024
WBD,1437107,10-Q,2025-05-08,2025Q1,WBD_10-Q_2025-05-08_Q1_2025
WBD,1437107,10-Q,2025-08-07,2025Q2,WBD_10-Q_2025-08-07_Q2_2025
WBD,1437107,10-Q,2025-11-06,2025Q3,WBD_10-Q_2025-11-06_Q3_2025
WFC,72971,10-K,2025-02-25,2024Q4,WFC_10-K_2025-02-25_Q4_2024
WFC,72971,10-K,2026-02-24,2025Q4,WFC_10-K_2026-02-24_Q4_2025
WFC,72971,10-Q,2024-05-02,2024Q1,WFC_10-Q_2024-05-02_Q1_2024
WFC,72971,10-Q,2024-08-01,2024Q2,WFC_10-Q_2024-08-01_Q2_2024
WFC,72971,10-Q,2024-10-31,2024Q3,WFC_10-Q_2024-10-31_Q3_2024
WFC,72971,10-Q,2025-04-29,2025Q1,WFC_10-Q_2025-04-29_Q1_2025
WFC,72971,10-Q,2025-08-05,2025Q2,WFC_10-Q_2025-08-05_Q2_2025
WFC,72971,10-Q,2025-10-31,2025Q3,WFC_10-Q_2025-10-31_Q3_2025
WMT,104169,10-K,2025-03-14,2025Q4,WMT_10-K_2025-03-14_Q4_2025
WMT,104169,10-K,2026-03-13,2026Q4,WMT_10-K_2026-03-13_Q4_2026
WMT,104169,10-Q,2024-06-07,2025Q1,WMT_10-Q_2024-06-07_Q1_2025
WMT,104169,10-Q,2024-08-30,2025Q2,WMT_10-Q_2024-08-30_Q2_2025
WMT,104169,10-Q,2024-12-06,2025Q3,WMT_10-Q_2024-12-06_Q3_2025
WMT,104169,10-Q,2025-06-06,2026Q1,WMT_10-Q_2025-06-06_Q1_2026
WMT,104169,10-Q,2025-08-29,2026Q2,WMT_10-Q_2025-08-29_Q2_2026
WMT,104169,10-Q,2025-12-03,2026Q3,WMT_10-Q_2025-12-03_Q3_2026
XOM,34088,10-K,2025-02-19,2024Q4,XOM_10-K_2025-02-19_Q4_2024
XOM,34088,10-K,2026-02-18,2025Q4,XOM_10-K_2026-02-18_Q4_2025
XOM,34088,10-Q,2024-08-05,2024Q2,XOM_10-Q_2024-08-05_Q2_2024
XOM,34088,10-Q,2024-11-04,2024Q3,XOM_10-Q_2024-11-04_Q3_2024
XOM,34088,10-Q,2025-05-05,2025Q1,XOM_10-Q_2025-05-05_Q1_2025
XOM,34088,10-Q,2025-08-04,2025Q2,XOM_10-Q_2025-08-04_Q2_2025
XOM,34088,10-Q,2025-11-03,2025Q3,XOM_10-Q_2025-11-03_Q3_2025
