ticker,fiscal_quarter,eps_gaap_diluted,pretax_income,operating_income,diluted_shares,eps_year_ago,eps_last_quarter
ABBV,2025Q4,1.02,2668.0,4544.0,1772000000.0,-0.01,0.1
ADBE,2025Q4,4.45,2264.0,2261.0,424000000.0,3.76,4.18
ADBE,2026Q1,4.6,2422.0,2418.0,411000000.0,4.14,4.45
AMAT,2026Q1,2.54,2328.0,1831.0,799000000.0,1.45,2.37
AMAT,2026Q2,3.51,3225.0,2523.0,799000000.0,2.63,2.54
AMD,2025Q4,0.92,2074.0,1752.0,1641000000.0,0.29,0.71
AMGN,2025Q4,2.46,1514.0,2720.0,542000000.0,1.16,5.93
AMGN,2026Q1,3.34,2084.0,2666.0,544000000.0,3.2,2.46
AMZN,2025Q4,1.95,26605.0,24977.0,10845000000.0,1.86,1.95
AVGO,2025Q4,1.74,6869.0,7508.0,4860000000.0,0.93,0.85
AVGO,2026Q1,1.5,8195.0,8563.0,4888000000.0,1.14,1.74
AXP,2025Q4,3.53,3090.0,,693000000.0,3.06,4.14
AXP,2026Q1,4.28,3778.0,,686000000.0,3.64,3.53
BA,2025Q4,10.23,8319.0,8777.0,758800000.0,-6.34,-7.14
BAC,2025Q4,0.95,12435.0,,7627100000.0,0.81,1.06
BBY,2026Q4,2.57,724.0,721.0,212100000.0,0.54,0.66
BBY,2027Q1,1.31,378.0,370.0,211300000.0,0.95,2.57
BLK,2025Q4,7.16,1607.0,1661.0,157300000.0,10.64,8.43
BLK,2026Q1,14.06,2842.0,2814.0,165000000.0,9.64,7.16
C,2025Q4,1.36,3811.0,,1862600000.0,1.47,1.86
C,2026Q1,3.06,7517.0,,1776000000.0,1.96,1.36
CAT,2025Q4,5.12,3026.0,2660.0,470800000.0,5.74,4.88
CAT,2026Q1,5.47,3211.0,3085.0,465800000.0,4.2,5.12
CCL,2025Q4,0.31,404.0,735.0,1392480000.0,0.23,1.33
CCL,2026Q1,0.19,280.0,607.0,1358000000.0,-0.06,0.31
CCL,2026Q2,0.39,555.0,851.0,1388000000.0,0.42,0.19
CMCSA,2025Q4,0.6,2159.0,3488.0,3700000000.0,1.24,0.9
CMCSA,2026Q1,0.6,2733.0,4136.0,3617000000.0,0.89,0.6
CMG,2025Q4,0.25,433.643,420.319,1339522000.0,0.24,0.29
CMG,2026Q1,0.23,405805.0,397063.0,1301859000.0,0.28,0.25
COIN,2025Q4,-2.484,-886.307,273.753,291958000.0,4.839,1.5
COIN,2026Q1,-1.49,-464705.0,-21.421,264774999.99999997,0.24,-2.484
COP,2025Q4,1.17,2245.0,,1246854000.0,1.98,1.38
COP,2026Q1,1.78,3363.0,,1224960000.0,2.23,1.17
COST,2026Q1,4.5,2583.0,2463.0,444515000.0,4.04,5.87
COST,2026Q2,4.58,2721.0,2606.0,444420000.0,4.02,4.5
COST,2026Q3,4.93,2938.0,2815.0,444430000.0,4.28,4.58
CRM,2027Q1,2.42,2721.0,2347.0,871000000.0,1.59,2.07
CRWD,2026Q3,-0.14,-23.268,-69.443,251326000.0,-0.07,-0.31
CRWD,2026Q4,0.24,57.84,13.786,251326000.0,-0.376,-0.14
CRWD,2027Q1,0.11,39.063,-30.6,257881000.0,-0.44,0.24
CSCO,2026Q2,0.8,3646.0,3781.0,3984000000.0,0.61,0.72
CSCO,2026Q3,0.85,4039.0,3960.0,3982000000.0,0.62,0.8
CVNA,2025Q4,4.22,-1832.0,424.0,146274000.0,0.59,1.03
CVNA,2026Q1,1.69,441.0,581.0,148085000.0,1.51,4.22
CVX,2025Q4,1.39,4599.0,,1946035000.0,1.79,1.82
CVX,2026Q1,1.11,3946.0,,1985900000.0,2.0,1.39
DAL,2025Q4,1.86,1513.0,1467.0,662000000.0,1.3,2.17
DAL,2026Q1,-0.44,-214.0,501.0,652000000.0,0.37,1.86
DELL,2026Q4,3.38,2799.0,3092.0,676300000.0,2.32,2.28
DELL,2027Q1,5.24,3948.0,3656.0,656000000.0,1.37,3.38
DIS,2026Q1,1.34,3693.0,3875.0,1793000000.0,1.4,0.73
GE,2025Q4,2.4,2851.0,,1069747899.1596638,1.74,2.02
GE,2026Q1,1.81,2198.0,2214.0,1054000000.0,1.83,2.4
GM,2025Q4,-3.6,-4249.0,-3646.0,964000000.0,-1.53,1.35
GOOGL,2026Q1,5.11,77412.0,39696.0,12238000000.0,2.81,2.82
GS,2025Q4,14.02,5855.0,,315000000.0,11.86,12.25
GS,2026Q1,17.55,6486.0,,308000000.0,14.12,14.02
HD,2025Q4,2.58,3298.0,3849.0,995000000.0,3.02,3.62
HON,2025Q4,-0.18,-501.0,,638111888.111888,1.97,2.86
HON,2026Q1,1.29,886.0,,638400000.0,2.22,-0.18
HOOD,2025Q4,0.66,661.0,650.0,917940660.0,1.01,0.61
HOOD,2026Q1,0.38,411.0,410.0,909241619.0,0.37,0.66
IBM,2026Q1,1.28,1387.0,,952100000.0,1.12,5.9
INTC,2025Q4,-0.12,338.0,580.0,4531000000.0,-0.03,0.9
INTU,2026Q2,2.48,869.0,855.0,280000000.0,1.67,1.59
INTU,2026Q3,11.09,4047.0,4020.0,276000000.0,10.02,2.48
ISRG,2025Q4,2.21,955.6,864.3,361800000.0,1.89,1.95
JNJ,2025Q4,2.09,4966.0,5442.0,2428600000.0,1.41,2.12
JNJ,2026Q1,2.14,5990.0,6327.0,2445200000.0,4.54,2.09
JPM,2025Q4,4.63,17160.0,,2767600000.0,4.77,5.07
JPM,2026Q1,5.94,20479.0,,2720200000.0,5.07,4.63
KHC,2025Q4,0.55,897.0,1084.0,1182690000.0,1.76,0.52
KHC,2026Q1,0.67,1010.0,1145.0,1188000000.0,0.59,0.55
KO,2025Q4,0.53,2962.0,1841.0,4313000000.0,0.51,0.86
KO,2026Q1,0.91,4611.0,4359.0,4313000000.0,0.77,0.53
LLY,2026Q1,8.26,8850.0,,895900000.0,3.06,7.39
LMT,2025Q4,5.81,1531.0,2331.0,233000000.0,2.21,6.95
LMT,2026Q1,6.44,1774.0,2063.0,231100000.0,7.28,5.81
LOW,2025Q4,1.77,1304.0,1708.0,560000000.0,1.77,2.88
LULU,2025Q3,2.59,441.74,435.886,118552000.0,2.87,3.1
LULU,2025Q4,5.01,813.265,812.29,118552000.0,6.09,2.59
M,2025Q3,0.04,5.0,42.0,275000000.0,0.1,0.31
M,2025Q4,1.84,662.0,745.0,275000000.0,1.22,0.04
MA,2025Q4,4.53,4876.0,4910.0,905000000.0,3.61,4.34
MA,2026Q1,4.35,4812.0,4907.0,893000000.0,3.59,4.53
MCD,2025Q4,3.03,2757.0,3156.0,715900000.0,2.8,3.18
MELI,2025Q4,11.03,784.0,889.0,50697375.0,12.6,8.32
MELI,2026Q1,8.23,579.0,611.0,50697298.0,9.74,11.03
META,2025Q4,8.89,25354.0,24745.0,2572000000.0,8.02,1.05
MRK,2025Q4,1.19,3420.0,3852.0,2493534482.7586203,1.47,2.32
MRK,2026Q1,-1.72,-3534.0,-3396.0,2472000000.0,2.01,1.19
MS,2025Q4,2.68,5760.0,,1590000000.0,2.22,2.8
MSFT,2026Q2,5.16,48246.0,38275.0,7460000000.0,3.23,3.72
MSFT,2026Q3,4.27,39340.0,38398.0,7445000000.0,3.46,5.16
MU,2026Q1,4.6,6061.0,6136.0,1138000000.0,1.67,2.83
MU,2026Q2,12.07,16160.0,16135.0,1142000000.0,1.41,4.6
MU,2026Q3,24.67,33212.0,33318.0,1145000000.0,1.68,12.07
NFLX,2025Q4,5.57,2767.741,2956.663,434039000.0,4.27,5.87
NFLX,2026Q1,12.3,6547086.0,3956997.0,4298437000000.0,6.61,5.57
NKE,2026Q2,0.53,999.0,1006.0,1481000000.0,0.78,0.49
NVDA,2026Q4,1.76,50398.0,44299.0,24483000000.0,0.89,1.3
NVDA,2027Q1,2.39,69903.0,53536.0,24391000000.0,0.76,1.76
ORCL,2026Q2,2.1,6342.0,4731.0,2922000000.0,1.1,1.01
ORCL,2026Q3,1.27,4416.0,5464.0,2912000000.0,1.02,2.1
PANW,2026Q2,0.61,549.0,397.0,711000000.0,0.38,0.47
PANW,2026Q3,-0.22,-156.0,-183.0,801000000.0,0.37,0.61
PEP,2026Q1,1.7,2970.0,3213.0,1371000000.0,1.33,1.85
PFE,2025Q4,-0.29,-1642.0,2872.0,5714000000.0,0.07,0.62
PFE,2026Q1,0.47,3170.0,4031.0,5731000000.0,0.52,-0.29
PG,2026Q2,1.78,5421.0,5366.0,2424000000.0,1.88,1.95
PG,2026Q3,1.63,4989.0,4575.0,2412269938.6503067,1.54,1.78
PLTR,2026Q1,0.34,888601.0,753.998,2570924000.0,0.08,0.24
PLUG,2025Q4,-0.626,-904.325,-763.194,1158516000.0,-1.56,-0.31
PYPL,2025Q4,1.532,1627.0,1511.0,960000000.0,1.09,1.3
PYPL,2026Q1,1.21,1393.0,1488.0,920000000.0,1.29,1.532
QCOM,2026Q1,2.78,3547.0,3366.0,1079000000.0,2.83,-2.89
RTX,2025Q4,1.19,2297.0,2596.0,1360000000.0,1.1,1.41
RTX,2026Q1,1.51,2520.0,2555.0,1364600000.0,1.14,1.19
SBUX,2026Q1,0.26,764.8,890.8,1141900000.0,0.69,0.12
SBUX,2026Q2,0.45,728.1,828.1,1143200000.0,0.34,0.26
SLB,2025Q4,0.55,943.0,996.0,1488000000.0,0.77,0.5
SLB,2026Q1,0.5,956.0,,1515000000.0,0.58,0.55
SMCI,2026Q3,0.72,610969.0,625.868,692189000.0,0.17,0.6
SPGI,2025Q4,3.75,1631.0,1674.0,304500000.0,2.77,3.86
SPGI,2026Q1,4.69,1908.0,2002.0,297600000.0,3.54,3.75
TGT,2025Q4,2.3,1308.0,1380.0,455100000.0,2.39,1.51
TMO,2025Q4,5.2,2153.0,2255.0,378000000.0,4.77,4.27
TMO,2026Q1,4.43,1734.0,1864.0,373000000.0,3.98,5.2
TSLA,2025Q4,0.24,1181.0,1409.0,3526000000.0,0.64,0.39
TSLA,2026Q1,0.13,748.0,941.0,3538000000.0,0.12,0.24
UAL,2025Q4,3.19,1325.0,1385.0,327000000.0,2.96,2.9
UAL,2026Q1,2.14,870.0,997.0,326800000.0,1.16,3.19
UBER,2025Q4,0.14,291.0,1774.0,2124391000.0,3.19,3.11
UBER,2026Q1,0.13,476.0,1923.0,2071391000.0,0.83,0.14
UNH,2026Q1,6.9,7963.0,8990.0,910000000.0,6.85,0.01
UNP,2025Q4,3.11,2408.0,2401.0,593200000.0,2.9,3.01
UNP,2026Q1,2.87,2229.0,2458.0,593600000.0,2.7,3.11
UPS,2025Q4,2.1,2372.0,2575.0,844811320.754717,2.01,1.55
UPS,2026Q1,1.02,1124.0,1267.0,850000000.0,1.4,2.1
V,2026Q1,3.03,6726.0,6737.0,1933000000.0,2.58,2.62
V,2026Q2,3.14,7174.0,7234.0,1916000000.0,2.32,3.03
WBD,2025Q4,-0.1,-408.0,349.0,2479000000.0,-0.2,-0.06
WBD,2026Q1,-1.17,-3120.0,-2469.0,2492000000.0,-0.18,-0.1
WFC,2025Q4,1.62,6526.0,,3159000000.0,1.4,1.66
WFC,2026Q1,1.6,5981.0,,3117700000.0,1.39,1.62
WMT,2026Q4,0.53,5970.0,8708.0,8011000000.0,0.65,0.77
XOM,2025Q4,1.53,8031.0,,4289000000.0,1.72,1.76
XOM,2026Q1,1.0,6967.0,,4202000000.0,1.76,1.53
