ticker,fiscal_quarter,release_date,cutoff,news_window_start
ABBV,2025Q4,2026-02-04,2026-02-03,2025-10-31
ADBE,2025Q4,2025-12-10,2025-12-09,2025-09-11
ADBE,2026Q1,2026-03-12,2026-03-11,2025-12-10
AMAT,2026Q1,2026-02-12,2026-02-11,2025-11-13
AMAT,2026Q2,2026-05-14,2026-05-13,2026-02-12
AMD,2025Q4,2026-02-03,2026-02-02,2025-11-04
AMGN,2025Q4,2026-02-03,2026-02-02,2025-11-04
AMGN,2026Q1,2026-04-30,2026-04-29,2026-02-03
AMZN,2025Q4,2026-02-05,2026-02-04,2025-10-30
AVGO,2025Q4,2025-12-11,2025-12-10,2025-09-04
AVGO,2026Q1,2026-03-04,2026-03-03,2025-12-12
AXP,2025Q4,2026-01-30,2026-01-29,2025-10-17
AXP,2026Q1,2026-04-23,2026-04-22,2026-01-30
BA,2025Q4,2026-01-27,2026-01-26,2025-10-29
BAC,2025Q4,2026-01-14,2026-01-13,2025-10-15
BBY,2026Q4,2026-03-03,2026-03-02,2025-11-25
BBY,2027Q1,2026-05-28,2026-05-27,2026-03-03
BLK,2025Q4,2026-01-15,2026-01-14,2025-10-14
BLK,2026Q1,2026-04-14,2026-04-13,2026-01-15
C,2025Q4,2026-01-14,2026-01-13,2025-10-14
C,2026Q1,2026-04-14,2026-04-13,2026-01-14
CAT,2025Q4,2026-01-29,2026-01-28,2025-10-29
CAT,2026Q1,2026-04-30,2026-04-29,2026-01-29
CCL,2025Q4,2025-12-19,2025-12-18,2025-09-29
CCL,2026Q1,2026-03-27,2026-03-26,2025-12-19
CCL,2026Q2,2026-06-23,2026-06-22,2026-03-27
CMCSA,2025Q4,2026-01-29,2026-01-28,2025-10-30
CMCSA,2026Q1,2026-04-23,2026-04-22,2026-01-29
CMG,2025Q4,2026-02-03,2026-02-02,2025-10-29
CMG,2026Q1,2026-04-29,2026-04-28,2026-02-03
COIN,2025Q4,2026-02-12,2026-02-11,2025-10-30
COIN,2026Q1,2026-05-07,2026-05-06,2026-02-12
COP,2025Q4,2026-02-05,2026-02-04,2025-11-06
COP,2026Q1,2026-04-30,2026-04-29,2026-02-05
COST,2026Q1,2025-12-11,2025-12-10,2025-09-25
COST,2026Q2,2026-03-05,2026-03-04,2025-12-11
COST,2026Q3,2026-05-28,2026-05-27,2026-03-05
CRM,2027Q1,2026-05-27,2026-05-26,2026-02-26
CRWD,2026Q3,2025-12-02,2025-12-01,2025-08-27
CRWD,2026Q4,2026-03-03,2026-03-02,2025-12-02
CRWD,2027Q1,2026-06-03,2026-06-02,2026-03-04
CSCO,2026Q2,2026-02-11,2026-02-10,2025-11-12
CSCO,2026Q3,2026-05-13,2026-05-12,2026-02-11
CVNA,2025Q4,2026-02-18,2026-02-17,2025-10-30
CVNA,2026Q1,2026-04-29,2026-04-28,2026-02-19
CVX,2025Q4,2026-01-30,2026-01-29,2025-10-31
CVX,2026Q1,2026-05-01,2026-04-30,2026-01-30
DAL,2025Q4,2026-01-13,2026-01-12,2025-10-09
DAL,2026Q1,2026-04-08,2026-04-07,2026-01-13
DELL,2026Q4,2026-02-26,2026-02-25,2025-11-25
DELL,2027Q1,2026-05-28,2026-05-27,2026-02-26
DIS,2026Q1,2026-02-02,2026-02-01,2025-11-13
GE,2025Q4,2026-01-22,2026-01-21,2025-10-21
GE,2026Q1,2026-04-21,2026-04-20,2026-01-22
GM,2025Q4,2026-01-27,2026-01-26,2025-10-21
GOOGL,2026Q1,2026-04-29,2026-04-28,2026-02-04
GS,2025Q4,2026-01-15,2026-01-14,2025-10-14
GS,2026Q1,2026-04-13,2026-04-12,2026-01-15
HD,2025Q4,2026-02-24,2026-02-23,2025-11-18
HON,2025Q4,2026-01-29,2026-01-28,2025-10-23
HON,2026Q1,2026-04-23,2026-04-22,2026-01-29
HOOD,2025Q4,2026-02-10,2026-02-09,2025-11-05
HOOD,2026Q1,2026-04-28,2026-04-27,2026-02-10
IBM,2026Q1,2026-04-22,2026-04-21,2026-01-28
INTC,2025Q4,2026-01-22,2026-01-21,2025-10-23
INTU,2026Q2,2026-02-26,2026-02-25,2025-11-20
INTU,2026Q3,2026-05-20,2026-05-19,2026-02-26
ISRG,2025Q4,2026-01-22,2026-01-21,2025-10-21
JNJ,2025Q4,2026-01-21,2026-01-20,2025-10-14
JNJ,2026Q1,2026-04-14,2026-04-13,2026-01-21
JPM,2025Q4,2026-01-13,2026-01-12,2025-10-14
JPM,2026Q1,2026-04-14,2026-04-13,2026-01-13
KHC,2025Q4,2026-02-11,2026-02-10,2025-10-29
KHC,2026Q1,2026-05-06,2026-05-05,2026-02-11
KO,2025Q4,2026-02-10,2026-02-09,2025-10-21
KO,2026Q1,2026-04-28,2026-04-27,2026-02-10
LLY,2026Q1,2026-04-30,2026-04-29,2026-02-04
LMT,2025Q4,2026-01-29,2026-01-28,2025-10-21
LMT,2026Q1,2026-04-23,2026-04-22,2026-01-29
LOW,2025Q4,2026-02-25,2026-02-24,2025-11-19
LULU,2025Q3,2025-12-11,2025-12-10,2025-09-04
LULU,2025Q4,2026-03-17,2026-03-16,2025-12-11
M,2025Q3,2025-12-03,2025-12-02,2025-09-03
M,2025Q4,2026-03-18,2026-03-17,2025-12-03
MA,2025Q4,2026-01-29,2026-01-28,2025-10-30
MA,2026Q1,2026-04-30,2026-04-29,2026-01-29
MCD,2025Q4,2026-02-11,2026-02-10,2025-11-05
MELI,2025Q4,2026-02-24,2026-02-23,2025-10-30
MELI,2026Q1,2026-05-07,2026-05-06,2026-02-24
META,2025Q4,2026-01-28,2026-01-27,2025-10-29
MRK,2025Q4,2026-02-03,2026-02-02,2025-10-30
MRK,2026Q1,2026-04-30,2026-04-29,2026-02-03
MS,2025Q4,2026-01-15,2026-01-14,2025-10-15
MSFT,2026Q2,2026-01-28,2026-01-27,2025-10-29
MSFT,2026Q3,2026-04-29,2026-04-28,2026-01-28
MU,2026Q1,2025-12-17,2025-12-16,2025-09-23
MU,2026Q2,2026-03-18,2026-03-17,2025-12-17
MU,2026Q3,2026-06-24,2026-06-23,2026-03-18
NFLX,2025Q4,2026-01-20,2026-01-19,2025-10-21
NFLX,2026Q1,2026-04-16,2026-04-15,2026-01-20
NKE,2026Q2,2025-12-18,2025-12-17,2025-09-30
NVDA,2026Q4,2026-02-25,2026-02-24,2025-11-19
NVDA,2027Q1,2026-05-20,2026-05-19,2026-02-25
ORCL,2026Q2,2025-12-10,2025-12-09,2025-09-09
ORCL,2026Q3,2026-03-10,2026-03-09,2025-12-10
PANW,2026Q2,2026-02-17,2026-02-16,2025-11-19
PANW,2026Q3,2026-06-02,2026-06-01,2026-02-17
PEP,2026Q1,2026-04-16,2026-04-15,2026-02-03
PFE,2025Q4,2026-02-03,2026-02-02,2025-11-04
PFE,2026Q1,2026-05-05,2026-05-04,2026-02-03
PG,2026Q2,2026-01-22,2026-01-21,2025-10-24
PG,2026Q3,2026-04-24,2026-04-23,2026-01-22
PLTR,2026Q1,2026-05-04,2026-05-03,2026-02-02
PLUG,2025Q4,2026-03-02,2026-03-01,2025-11-10
PYPL,2025Q4,2026-02-03,2026-02-02,2025-10-28
PYPL,2026Q1,2026-05-05,2026-05-04,2026-02-03
QCOM,2026Q1,2026-02-04,2026-02-03,2025-11-05
RTX,2025Q4,2026-01-27,2026-01-26,2025-10-21
RTX,2026Q1,2026-04-21,2026-04-20,2026-01-27
SBUX,2026Q1,2026-01-28,2026-01-27,2025-10-29
SBUX,2026Q2,2026-04-28,2026-04-27,2026-01-28
SLB,2025Q4,2026-01-23,2026-01-22,2025-10-17
SLB,2026Q1,2026-04-24,2026-04-23,2026-01-23
SMCI,2026Q3,2026-05-05,2026-05-04,2026-02-03
SPGI,2025Q4,2026-02-10,2026-02-09,2025-10-30
SPGI,2026Q1,2026-04-28,2026-04-27,2026-02-10
TGT,2025Q4,2026-03-03,2026-03-02,2025-11-19
TMO,2025Q4,2026-01-29,2026-01-28,2025-10-22
TMO,2026Q1,2026-04-23,2026-04-22,2026-01-29
TSLA,2025Q4,2026-01-28,2026-01-27,2025-10-22
TSLA,2026Q1,2026-04-22,2026-04-21,2026-01-28
UAL,2025Q4,2026-01-20,2026-01-19,2025-10-16
UAL,2026Q1,2026-04-21,2026-04-20,2026-01-21
UBER,2025Q4,2026-02-04,2026-02-03,2025-11-04
UBER,2026Q1,2026-05-06,2026-05-05,2026-02-04
UNH,2026Q1,2026-04-21,2026-04-20,2026-01-27
UNP,2025Q4,2026-01-27,2026-01-26,2025-10-23
UNP,2026Q1,2026-04-23,2026-04-22,2026-01-27
UPS,2025Q4,2026-01-27,2026-01-26,2025-10-28
UPS,2026Q1,2026-04-28,2026-04-27,2026-01-27
V,2026Q1,2026-01-29,2026-01-28,2025-10-28
V,2026Q2,2026-04-28,2026-04-27,2026-01-29
WBD,2025Q4,2026-02-26,2026-02-25,2025-11-06
WBD,2026Q1,2026-05-06,2026-05-05,2026-02-26
WFC,2025Q4,2026-01-14,2026-01-13,2025-10-14
WFC,2026Q1,2026-04-14,2026-04-13,2026-01-14
WMT,2026Q4,2026-02-19,2026-02-18,2025-11-20
XOM,2025Q4,2026-01-30,2026-01-29,2025-10-31
XOM,2026Q1,2026-05-01,2026-04-30,2026-01-30
