ticker,fiscal_quarter,price_date,close_price
ABBV,2025Q4,2026-02-03,223.8033
ADBE,2025Q4,2025-12-09,344.32
ADBE,2026Q1,2026-03-11,273.71
AMAT,2026Q1,2026-02-11,339.0352
AMAT,2026Q2,2026-05-13,435.6021
AMD,2025Q4,2026-02-02,246.27
AMGN,2025Q4,2026-02-02,339.7425
AMGN,2026Q1,2026-04-29,333.5374
AMZN,2025Q4,2026-02-04,232.99
AVGO,2025Q4,2025-12-10,410.6685
AVGO,2026Q1,2026-03-03,313.183
AXP,2025Q4,2026-01-29,357.3702
AXP,2026Q1,2026-04-22,331.9912
BA,2025Q4,2026-01-26,248.43
BAC,2025Q4,2026-01-13,54.2334
BBY,2026Q4,2026-03-02,60.6663
BBY,2027Q1,2026-05-27,63.6924
BLK,2025Q4,2026-01-14,1085.8052
BLK,2026Q1,2026-04-13,1017.9139
C,2025Q4,2026-01-13,115.1522
C,2026Q1,2026-04-13,125.0497
CAT,2025Q4,2026-01-28,642.0577
CAT,2026Q1,2026-04-29,808.55
CCL,2025Q4,2025-12-18,28.0379
CCL,2026Q1,2026-03-26,25.1261
CCL,2026Q2,2026-06-22,30.0327
CMCSA,2025Q4,2026-01-28,28.0834
CMCSA,2026Q1,2026-04-22,28.9752
CMG,2025Q4,2026-02-02,38.51
CMG,2026Q1,2026-04-28,32.87
COIN,2025Q4,2026-02-11,153.2
COIN,2026Q1,2026-05-06,197.96
COP,2025Q4,2026-02-04,105.9716
COP,2026Q1,2026-04-29,126.4604
COST,2026Q1,2025-12-10,871.9518
COST,2026Q2,2026-03-04,1005.2813
COST,2026Q3,2026-05-27,1002.0967
CRM,2027Q1,2026-05-26,178.619
CRWD,2026Q3,2025-12-01,504.13
CRWD,2026Q4,2026-03-03,391.42
CRWD,2027Q1,2026-06-02,192.2375
CSCO,2026Q2,2026-02-10,85.8249
CSCO,2026Q3,2026-05-12,98.9199
CVNA,2025Q4,2026-02-17,70.188
CVNA,2026Q1,2026-04-28,81.284
CVX,2025Q4,2026-01-29,167.9929
CVX,2026Q1,2026-04-30,189.8982
DAL,2025Q4,2026-01-12,70.6501
DAL,2026Q1,2026-04-07,65.2852
DELL,2026Q4,2026-02-25,123.0991
DELL,2027Q1,2026-05-27,304.8163
DIS,2026Q1,2026-01-30,111.9423
GE,2025Q4,2026-01-21,318.0367
GE,2026Q1,2026-04-20,303.222
GM,2025Q4,2026-01-26,79.2424
GOOGL,2026Q1,2026-04-28,349.5712
GS,2025Q4,2026-01-14,927.7873
GS,2026Q1,2026-04-10,903.8167
HD,2025Q4,2026-02-23,374.4863
HON,2025Q4,2026-01-28,214.3915
HON,2026Q1,2026-04-22,228.7501
HOOD,2025Q4,2026-02-09,86.56
HOOD,2026Q1,2026-04-27,83.95
IBM,2026Q1,2026-04-21,252.0042
INTC,2025Q4,2026-01-21,54.25
INTU,2026Q2,2026-02-25,380.0555
INTU,2026Q3,2026-05-19,397.9472
ISRG,2025Q4,2026-01-21,523.69
JNJ,2025Q4,2026-01-20,217.0561
JNJ,2026Q1,2026-04-13,236.5993
JPM,2025Q4,2026-01-12,322.8378
JPM,2026Q1,2026-04-13,312.2732
KHC,2025Q4,2026-02-10,24.4889
KHC,2026Q1,2026-05-05,22.1388
KO,2025Q4,2026-02-09,77.4375
KO,2026Q1,2026-04-27,74.9561
LLY,2026Q1,2026-04-29,848.5313
LMT,2025Q4,2026-01-28,594.1388
LMT,2026Q1,2026-04-22,551.8175
LOW,2025Q4,2026-02-24,277.2591
LULU,2025Q3,2025-12-10,187.62
LULU,2025Q4,2026-03-19,165.57
M,2025Q3,2025-12-02,22.2868
M,2025Q4,2026-03-17,16.92
MA,2025Q4,2026-01-28,520.4756
MA,2026Q1,2026-04-29,524.351
MCD,2025Q4,2026-02-10,324.1592
MELI,2025Q4,2026-02-23,1864.46
MELI,2026Q1,2026-05-06,1841.14
META,2025Q4,2026-01-27,672.3943
MRK,2025Q4,2026-02-02,112.5365
MRK,2026Q1,2026-04-29,110.1578
MS,2025Q4,2026-01-14,178.8279
MSFT,2026Q2,2026-01-27,478.4493
MSFT,2026Q3,2026-04-28,427.5175
MU,2026Q1,2025-12-16,232.3185
MU,2026Q2,2026-03-17,461.4961
MU,2026Q3,2026-06-23,1051.6083
NFLX,2025Q4,2026-01-16,880.0
NFLX,2026Q1,2026-04-15,107.71
NKE,2026Q2,2025-12-17,65.2569
NVDA,2026Q4,2026-02-24,192.8396
NVDA,2027Q1,2026-05-19,220.3532
ORCL,2026Q2,2025-12-09,220.177
ORCL,2026Q3,2026-03-09,151.0325
PANW,2026Q2,2026-02-13,166.95
PANW,2026Q3,2026-06-01,300.48
PEP,2026Q1,2026-04-15,153.2378
PFE,2025Q4,2026-02-02,26.2271
PFE,2026Q1,2026-05-04,25.4281
PG,2026Q2,2026-01-21,143.9464
PG,2026Q3,2026-04-23,143.5494
PLTR,2026Q1,2026-05-01,144.07
PLUG,2025Q4,2026-02-27,1.79
PYPL,2025Q4,2026-02-02,52.172
PYPL,2026Q1,2026-05-04,50.2244
QCOM,2026Q1,2026-02-03,146.2411
RTX,2025Q4,2026-01-26,192.6847
RTX,2026Q1,2026-04-20,194.3322
SBUX,2026Q1,2026-01-27,94.5525
SBUX,2026Q2,2026-04-27,96.7637
SLB,2025Q4,2026-01-22,49.0309
SLB,2026Q1,2026-04-23,54.4545
SMCI,2026Q3,2026-05-04,27.92
SPGI,2025Q4,2026-02-09,443.1599
SPGI,2026Q1,2026-04-27,412.6818
TGT,2025Q4,2026-03-02,112.1108
TMO,2025Q4,2026-01-28,607.4195
TMO,2026Q1,2026-04-22,513.4653
TSLA,2025Q4,2026-01-27,430.9
TSLA,2026Q1,2026-04-21,386.42
UAL,2025Q4,2026-01-16,113.49
UAL,2026Q1,2026-04-20,98.91
UBER,2025Q4,2026-02-03,77.93
UBER,2026Q1,2026-05-05,72.95
UNH,2026Q1,2026-04-20,321.643
UNP,2025Q4,2026-01-26,229.6897
UNP,2026Q1,2026-04-22,248.111
UPS,2025Q4,2026-01-26,103.7499
UPS,2026Q1,2026-04-27,104.7751
V,2026Q1,2026-01-28,325.632
V,2026Q2,2026-04-27,308.4364
WBD,2025Q4,2026-02-25,28.9
WBD,2026Q1,2026-05-05,27.22
WFC,2025Q4,2026-01-13,92.5732
WFC,2026Q1,2026-04-13,85.6557
WMT,2026Q4,2026-02-18,126.12
XOM,2025Q4,2026-01-29,138.6386
XOM,2026Q1,2026-04-30,152.3034
